sample_number,sample_id,abbr_id,sample_location,location_group,acbr,lat,lon,wgs84_elev_from_pgc,orthometric_elev_from_pgc,elev_bin,dist_coast_scar_km,precipitation_racmo,temperature_racmo,slope_dem,aspect_dem,ph_mq,ph_kcl,ph_cacl2,ec_us_cm,cec_meq_100g,d15n_air_permil,d13c_vpdb_permil,wt_percent_n,wt_percent_c,c_n_ratio,hr_1_mg_l_f,hr_1_mg_l_cl,hr_1_mg_l_no3,hr_1_mg_l_po4,hr_1_mg_l_so4,hr_24_mg_l_f,hr_24_mg_l_cl,hr_24_mg_l_no3,hr_24_mg_l_po4,hr_24_mg_l_so4,total_mg_l_f,total_mg_l_cl,total_mg_l_no3,total_mg_l_po4,total_mg_l_so4,total_mg_l_ca2,total_mg_l_k,total_mg_l_mg2,total_mg_l_na,total_mg_l_sr2,digest_mg_kg_al3082,digest_mg_kg_as1890,digest_mg_kg_b_2496,digest_mg_kg_ba4554,digest_mg_kg_be3130,digest_mg_kg_ca3158,digest_mg_kg_cd2288,digest_mg_kg_co2286,digest_mg_kg_cr2835,digest_mg_kg_cu3247,digest_mg_kg_fe2599,digest_mg_kg_hg1849,digest_mg_kg_k_7664,digest_mg_kg_li6707,digest_mg_kg_mg2852,digest_mg_kg_mn2576,digest_mg_kg_mo2020,digest_mg_kg_na5895,digest_mg_kg_ni2316,digest_mg_kg_p_1774,digest_mg_kg_pb2203,digest_mg_kg_sb2068,digest_mg_kg_se1960,digest_mg_kg_si2516,digest_mg_kg_sn1899,digest_mg_kg_sr4077,digest_mg_kg_ti3349,digest_mg_kg_tl1908,digest_mg_kg_v_2924,digest_mg_kg_zn2138,lithcode_a,lithcode_b,lithcode_c,lithcode_d,lithcode_g,lithcode_n,lithcode_p,lithcode_s,lithcode_w
1,AV1-1,AV,Shackleton Glacier,Shackleton Glacier,Transantarctic Mountains,-85.17621667,-174.0884833,1436,1471,middle,71.2,149.7,-34.1,12.1,112.4,6.628,5.766,6.611,16361.2,3.3,-15.49,-34.48,0.14,0.01,0.09,0.13,474.25,2036.54,0.25,1801.62,2.28,135.69,169.32,0.25,25,2.41,609.95,2205.86,0.5,1826.62,619.38,56.3,604.42,2920.45,1.476,14096.39,2.5,10.84,19.78,0.6,7450.8,2.5,9.64,15.56,34.34,18172.69,47.39,785.24,15.06,4689.76,257.23,0.7,3830.32,15.66,399.4,6.73,1.5,3,254.52,1.5,26.71,267.57,2,31.12,35.74,0,0,1,0,0,0,0,0,0
2,AV1-8,AV,Shackleton Glacier,Shackleton Glacier,Transantarctic Mountains,-85.17595,-174.1165333,1382,1417,middle,71.1,149.7,-34.1,4.3,208.2,7.026,6.234,7.028,6726,7.2,-7.38,-32.8,0.15,0.02,0.16,0.13,354.78,441.58,0.25,2673.58,0.13,39.72,39.22,0.25,25,0.25,394.51,480.8,0.5,2698.58,749.9,47.68,430.08,755.85,0.053,20239.52,2.5,0.5,22.95,0.7,10958.08,2.5,11.48,17.66,42.81,21816.37,30.84,1286.43,15.77,5172.65,270.66,0.7,3724.55,17.27,690.02,7.39,1.5,3,564.17,1.5,36.53,416.17,2,52.1,41.42,0,0,1,0,0,0,0,0,0
3,AV2-1,AV,Shackleton Glacier,Shackleton Glacier,Transantarctic Mountains,-85.1706,-174.1338,1369,1404,middle,70.5,149.7,-34.1,7.8,193.2,7.791,7.198,7.731,4724.3,4.9,-12.88,-25.96,0.03,0.03,1.13,0.13,157.28,203.46,0.25,5778.82,5.86,2.5,0.25,0.25,2977.71,5.98,159.78,203.71,0.5,8756.53,3465.85,76.44,389.27,434.46,5.388,17176.94,2.5,0.5,28.93,0.6,13499.01,2.5,11.33,16.9,40.46,20805.17,20.58,1116.3,13.32,4948.31,261.83,0.4,1856.86,16,366.5,6.56,1.5,3,668.29,1.5,44.04,333.6,2,46.62,38.17,0,0,1,0,0,0,0,0,0
4,AV3-1,AV,Shackleton Glacier,Shackleton Glacier,Transantarctic Mountains,-85.17068333,-174.1483,1395,1430,middle,70.4,149.7,-34.1,25.7,249.6,7.186,6.322,7.095,4766.4,4.5,-17.97,-29.75,0.05,0.03,0.68,3.93,383.02,384.05,0.25,1212.91,5.64,58.18,34.42,0.25,25,9.57,441.2,418.47,0.5,1237.91,478.12,21.98,360.39,393.94,0.147,17235.53,2.5,0.5,17.56,0.5,9712.57,2.5,11.18,17.56,44.81,20309.38,14.47,1006.99,9.68,4895.21,247.5,0.5,1851.3,17.86,369.56,6.09,1.5,3,485.13,1.5,31.54,336.93,2,47.9,36.83,0,0,1,0,0,0,0,0,0
5,AV3-7,AV,Shackleton Glacier,Shackleton Glacier,Transantarctic Mountains,-85.16708333,-174.1508333,1332,1367,middle,70.1,149.7,-34.1,3.3,7.9,6.776,5.233,6.474,860.2,3.8,0.59,-24.86,0.02,0.06,3.27,0.13,49.26,0.25,0.25,25,4.63,52.69,0.25,0.25,25,4.75,101.96,0.5,0.5,50,64.91,9.86,26.17,96.64,0.004,15099.8,2.5,0.5,21.76,0.9,9380.24,2.5,9.68,13.57,11.28,16716.57,9.58,1624.75,10.38,2838.32,684.03,0.5,896.91,11.28,380.54,9.78,1.5,3,47.9,1.5,63.77,406.99,2,25.15,49,0,0,1,0,0,0,0,0,0
6,BP1-1,BP,Shackleton Glacier,Shackleton Glacier,Transantarctic Mountains,-85.21261667,-177.3386167,1350,1384,middle,74.6,77.8,-33.88,6.5,178.4,7.845,7.175,7.608,11330.6,5.7,-3.97,-29.64,0.08,0.03,0.35,0.13,838.83,711.98,0.25,3951.17,0.13,103.88,35.61,0.25,1012.62,0.25,942.7,747.59,0.5,4963.79,1210.19,175.78,61.12,2932.99,0.005,12107.36,2.5,0.5,20.18,0.5,7628.23,2.5,9.34,12.62,42.94,16848.91,6.36,820.97,9.44,3220.68,201.99,0.1,4463.22,14.21,366.9,4.97,1.5,3,450.2,1.5,17.79,310.64,2,55.47,27.34,0,0,1,0,0,0,0,0,0
7,BP1-8,BP,Shackleton Glacier,Shackleton Glacier,Transantarctic Mountains,-85.20063333,-177.3757667,1190,1224,middle,73.4,77.8,-33.88,5,56.4,9.258,7.543,8.024,540.4,7.2,4.85,-19.49,0.02,0.15,9.46,24.18,136.12,4.51,0.25,25,18,54.75,0.25,0.25,25,42.18,190.87,4.76,0.5,50,7.44,126.7,2.56,300.15,0.004,16090,2.5,0.5,28.4,0.7,9215,2.5,10,16.6,32,20620,2.5,1169,11.3,4290,304.1,0.2,1413,15.5,419.9,7.2,1.5,3,694.6,1.5,37.4,277.7,2,38.1,41.9,0,0,1,0,0,0,0,0,0
8,BP2-1,BP,Shackleton Glacier,Shackleton Glacier,Transantarctic Mountains,-85.21213333,-177.3576,1359,1393,middle,74.5,77.8,-33.88,4,307.2,7.13,6.351,6.977,3270.1,2.8,-7.47,-28.21,0.02,0.04,2.22,10.15,303.9,99.82,0.25,1808.23,17.07,62.47,5.56,0.25,551.47,27.22,366.36,105.39,0.5,2359.71,591.45,34.52,155.85,564.34,0.006,8608.78,2.5,0.5,20.46,0.4,5830.34,2.5,10.58,14.57,49.1,23463.07,2.5,643.21,8.38,2880.24,189.02,0.4,1441.12,14.37,337.03,5.29,1.5,3,233.73,1.5,19.56,514.47,2,157.39,37.23,0,0,1,0,0,0,0,0,0
9,BP3-1,BP,Shackleton Glacier,Shackleton Glacier,Transantarctic Mountains,-85.21436667,-177.4047667,1372,1406,middle,74.9,77.8,-33.88,3.9,201.9,7.415,6.891,7.363,11460.2,5.6,-8.01,-26.82,0.06,0.02,0.38,15.71,1055.25,610.24,0.25,7601.15,19.6,94.28,37.11,0.25,6947.6,35.31,1149.52,647.35,0.5,14548.75,5143.14,36.65,688.89,2195.3,7.768,13947.9,2.5,0.5,26.65,0.4,14008.02,2.5,9.12,13.43,38.88,17855.71,2.5,1309.62,8.72,4803.61,213.63,0.1,3526.05,14.83,442.08,4.31,1.5,3,336.47,1.5,34.67,246.49,2,40.68,29.26,0,0,1,0,0,0,0,0,0
10,BP3-8,BP,Shackleton Glacier,Shackleton Glacier,Transantarctic Mountains,-85.2049,-177.4135667,1190,1224,middle,73.9,77.8,-33.88,4.8,196.1,9.021,7.394,7.822,168.3,7.6,-2.93,-23.94,0.02,0.44,25.19,0.13,178.08,0.25,0.25,25,12.34,2.5,0.25,0.25,25,12.46,180.58,0.5,0.5,50,36.34,169.3,12.97,78.84,0.004,16354.58,2.5,0.5,26.69,0.5,9806.77,2.5,10.46,14.44,36.95,20059.76,2.5,1161.35,9.16,4441.24,257.27,0.5,1061.75,15.94,406.08,5.68,1.5,3,656.37,1.5,39.04,297.11,2,35.36,40.14,0,0,1,0,0,0,0,0,0
11,BPS-1,BPS,Bull Pass,Upper Wright Valley,South Victoria Land,-77.47965,161.74065,817.487,869.143,lower,43,37,-31.26,17.6,223.8,8.323,7.505,7.741,205.1,1.7,-14.96,-27.04,0.01,0.02,3.62,0.13,53.63,0.25,0.25,25,0.13,2.5,0.25,0.25,25,0.25,56.13,0.5,0.5,50,16.86,18.21,9.61,53.78,0.065,8969.12,2.5,0.5,14.94,0.5,5557.77,2.5,5.58,9.36,6.97,8985.06,2.5,841.83,3.19,3008.96,104.08,0.1,762.95,9.06,215.24,1.5,1.5,3,123.31,1.5,15.14,285.66,2,16.14,11.95,0,0,0,0,1,0,0,0,0
12,BPS-18,BPS,Bull Pass,Upper Wright Valley,South Victoria Land,-77.475483,161.780483,608.13,659.804,lower,42.2,37,-31.26,3,251.1,7.567,7.359,7.545,5730.9,2,-17.01,-11.1,0.03,0.04,1.45,3.2,1493.56,164.1,0.25,6126.52,0.13,126.94,20.6,0.25,6563.72,3.33,1620.5,184.7,0.5,12690.24,5950.03,106.59,302.85,794.87,12.507,7966.14,9.76,92.53,12.95,0.5,5469.12,2.5,6.57,13.94,11.95,10896.41,117.73,1118.53,13.35,3385.46,119.32,0.5,1256.97,11.35,276.2,1.5,1.5,3,126.69,1.5,18.43,332.77,2,26.69,17.43,0,0,1,0,0,0,0,0,0
13,BPS-22,BPS,Bull Pass,Upper Wright Valley,South Victoria Land,-77.475483,161.787483,597.941,649.61,lower,42,37,-31.26,2.9,192.9,7.751,7.453,7.715,5831.4,2.4,-17.33,-10.48,0.02,0.06,3.72,3.54,1476.73,113.42,0.25,6993.48,2.96,146.11,6.56,0.25,6528.53,6.5,1622.84,119.98,0.5,13522.01,6037.01,82.37,255.24,998.98,11.449,7729.92,2.5,13.55,12.05,0.5,23975.9,2.5,4.52,10.74,2.71,8136.55,39.86,1014.06,15.36,3292.17,96.08,0.8,1486.95,8.43,220.08,1.5,1.5,3,122.19,1.5,42.87,254.52,2,13.65,13.45,0,0,1,0,0,0,0,0,0
14,BPS-25,BPS,Bull Pass,Upper Wright Valley,South Victoria Land,-77.474317,161.79715,591.933,643.602,lower,41.8,37,-31.26,2.6,354,8.044,7.693,7.814,1620.8,1.4,-13.34,-16.46,0.01,0.04,4.79,2.54,367.18,6.95,0.25,1932.85,2.37,44.88,5.8,0.25,25,4.9,412.05,12.75,0.5,1957.85,239.54,57.68,124.47,653.95,1.285,9883.47,2.5,6.97,13.94,0.5,30039.84,2.5,5.88,10.76,16.73,10368.53,22.21,797.31,17.03,3669.32,120.82,0.1,1683.27,10.76,250.8,1.5,1.5,3,123.9,1.5,52.39,245.72,2,14.64,15.34,0,0,1,0,0,0,0,0,0
15,BPS-5,BPS,Bull Pass,Upper Wright Valley,South Victoria Land,-77.47415,161.797817,592.822,644.492,lower,41.8,37,-31.26,2.6,358.6,7.966,7.853,7.702,3179,1.5,-11.9,-15.34,0.01,0.05,4.1,8.75,1170.7,68.13,0.25,25,0.13,110.91,0.25,0.25,25,8.88,1281.61,68.38,0.5,50,925.1,57.07,82.02,251,2.29,8557.34,2.5,2.11,11.07,0.5,6485.92,2.5,5.03,7.34,21.83,8636.82,13.68,790.54,10.16,2923.54,88.53,0.1,1002.52,10.06,195.57,1.5,1.5,3,111.67,1.5,17.71,231.69,2,18.31,11.37,0,0,1,0,0,0,0,0,0
16,BS-607,BS,Battleship Promontory,Alatna Valley,South Victoria Land,-76.922417,161.081533,1233.68,1287.06,middle,24.4,66,-32.57,5.4,190.6,7.331,5.537,6.653,38.1,5.6,-11.46,-32.61,0.01,0.04,5.03,0.13,2.5,0.25,0.25,25,0.13,2.5,0.25,0.25,25,0.25,5,0.5,0.5,50,12.38,34.25,8.04,18.42,0.023,8273.55,2.5,0.5,10.72,0.5,4476.95,2.5,10.32,14.83,55.11,18857.72,2.5,266.13,24.05,4928.86,208.02,0.4,537.37,15.23,526.65,1.5,1.5,3,118.84,1.5,11.42,151.1,2,50.6,22.75,0,0,0,0,0,0,0,1,0
17,BS-610,BS,Battleship Promontory,Alatna Valley,South Victoria Land,-76.922133,161.077833,1242.54,1295.94,middle,24.5,66,-32.57,2.2,248.7,7.978,5.824,6.795,41.4,5.4,-10.45,-32.5,0.01,0.05,4.22,3.55,127.2,0.25,0.25,25,6.38,57.16,0.25,0.25,25,9.93,184.36,0.5,0.5,50,6.84,145.6,4.8,68.76,0.013,6731.46,2.5,0.5,6.51,0.3,4500,2.5,8.32,10.12,43.69,16182.36,2.5,371.74,29.06,2248.5,151.4,0.7,635.47,9.22,534.07,1.5,4.01,3,191.48,1.5,12.12,210.12,2,51.1,20.14,0,0,0,0,0,0,0,1,0
18,BS-618,BS,Battleship Promontory,Alatna Valley,South Victoria Land,-76.921567,161.080067,1228.77,1282.17,middle,24.5,66,-32.57,4.7,166.4,7.857,5.823,6.802,37.2,5.3,-11.6,-33.84,0.01,0.05,5.4,6.81,63.26,0.25,0.25,25,0.13,38.45,0.25,0.25,25,6.94,101.71,0.5,0.5,50,16.47,64.27,6.75,34.65,0.018,5595.19,2.5,0.5,7.31,0.3,3131.26,2.5,7.01,10.32,27.25,12394.79,2.5,208.82,28.06,2971.94,131.46,0.3,421.44,9.12,324.85,1.5,1.5,3,135.27,1.5,8.32,146.69,2,33.57,13.43,0,0,0,0,0,0,0,1,0
19,CB-CMBjA1,CB,The Cloudmaker,Beardmore Glacier,Transantarctic Mountains,-84.272414,169.320419,2252.7,2290.33,upper,63.1,101.7,-22,26.7,139,6.175,4.603,5.107,48.1,2.9,-2.47,-26.75,0.02,0.07,3.82,0.13,60.3,11.21,0.25,25,4.68,2.5,0.25,0.25,25,4.81,62.8,11.46,0.5,50,72.13,93.44,11.4,48.06,0.145,10962.3,19.15,0.5,25.3,0.3,7135.91,2.5,8.63,24.6,27.38,17817.46,2.5,831.25,9.72,3534.72,236.01,0.2,1241.07,19.25,1129.96,6.25,1.5,3,143.15,1.5,24.8,155.16,2,25.79,26.29,0,0,0,0,1,0,0,0,0
20,CB-iH5,CB,The Cloudmaker,Beardmore Glacier,Transantarctic Mountains,-84.26257,169.274083,1723.91,1761.59,upper,62.8,101.7,-22,15.5,136.2,6.093,4.437,4.488,12.6,2.5,0.07,-21.51,0.01,0.03,2.82,0.13,37.71,3.91,0.25,25,0.13,2.5,0.25,0.25,25,0.25,40.21,4.16,0.5,50,81.78,44.66,11.59,49.4,0.125,13662.67,2.5,0.5,43.31,0.2,7189.62,2.5,10.38,24.55,23.05,18602.79,2.5,2579.84,27.15,5789.42,322.75,0.4,839.22,16.47,504.99,7.39,1.5,3,167.27,1.5,20.66,753.29,2,32.53,40.52,0,0,0,0,1,0,0,0,0
21,CK-20B,CK,CTAM: Kyffin,Beardmore Glacier,Transantarctic Mountains,-83.811847,171.946772,364.308,404.995,lower,10.1,175.6,-23.17,3.6,356.8,5.776,4.35,4.671,15.3,4,2.81,-22.04,0.01,0.04,4.48,1.94,86.01,0.25,0.25,25,0.13,46.88,0.25,0.25,25,2.07,132.89,0.5,0.5,50,72.2,106.9,5.16,34.98,0.21,17390,2.5,0.5,82.5,0.3,23960,2.5,14.7,57.8,17.2,30250,2.5,13900,34.7,13290,482.5,0.2,330.7,22.2,661.8,12.2,1.5,3,305.6,1.5,39.6,1115,2,50.5,78.9,0,0,1,0,0,0,0,0,0
22,CK1-100B,CK,CTAM: Kyffin,Beardmore Glacier,Transantarctic Mountains,-83.82078,171.964511,363.917,404.604,lower,11.1,175.6,-23.17,4.4,50.1,6.293,4.721,5.348,36,2.5,-3.28,2.28,0.02,0.56,34.45,0.13,44.03,0.25,0.25,25,0.13,2.5,0.25,0.25,25,0.25,46.53,0.5,0.5,50,14.78,50.24,1.47,7.2,0.055,10886.45,2.5,0.5,65.34,0.2,3039.84,2.5,11.45,43.73,7.27,24950.2,2.5,10986.06,36.85,9781.87,368.73,0.6,219.72,17.73,747.61,9.06,1.5,3,201.29,1.5,7.77,1340.64,2,40.14,64.84,0,0,1,0,0,0,0,0,0
23,CK2-100A,CK,CTAM: Kyffin,Beardmore Glacier,Transantarctic Mountains,-83.820775,171.964582,363.944,404.631,lower,11.1,175.6,-23.17,4.4,50.1,8.478,7.648,7.752,272.2,5.5,-5.34,5.11,0.02,1.51,85.92,5.38,47.36,0.25,0.25,25,0.13,65.92,0.25,0.25,25,5.5,113.28,0.5,0.5,50,85.58,48.03,6.12,20.48,0.265,17359.44,2.5,0.5,84.24,0.4,59899.6,2.5,14.66,60.14,21.79,31034.14,2.5,13865.46,39.46,13965.86,490.66,0.1,316.57,22.99,591.47,11.75,1.5,3,340.36,1.5,66.77,1039.16,2,52.81,81.22,0,0,1,0,0,0,0,0,0
24,CK2-100B,CK,CTAM: Kyffin,Beardmore Glacier,Transantarctic Mountains,-83.81118,171.952737,359.732,400.422,lower,10,175.6,-23.17,5.4,171.9,7.485,6.554,7.224,369.2,2,-4.67,0.85,0.01,0.28,19.57,0.13,2.5,0.25,0.25,25,0.13,2.5,0.25,0.25,25,0.25,5,0.5,0.5,50,81.96,31.26,4.96,17.4,0.22,11152.3,2.5,20.74,60.62,0.3,11252.51,2.5,10.92,42.99,11.82,22995.99,58.32,10731.46,28.56,9920.84,370.44,0.2,231.06,17.54,646.89,9.62,1.5,3,248.8,1.5,19.14,1290.58,2,36.47,61.62,0,0,1,0,0,0,0,0,0
25,CM-2 1,CM,CTAM: Meyers Desert,Beardmore Glacier,Transantarctic Mountains,-85.162,167.083333,1870.42,1905.08,upper,153.9,14.9,-37.5,1.5,131.2,7.527,6.826,6.615,183.8,13.7,-0.54,-13.77,0.05,0.1,2.1,12.24,342.71,361.42,0.25,1316.49,11.76,88.94,26.36,0.25,25,24,431.65,387.79,0.5,1341.49,252.41,54.71,27.35,1600.42,3.974,15189.24,2.5,0.5,133.47,1.39,12798.8,2.5,11.06,25.8,14.94,24392.43,12.25,2945.22,17.33,5175.3,475.4,0.2,2432.27,15.54,236.65,19.92,1.5,3,1208.17,1.5,136.06,72.81,2,26.79,71.22,0,0,1,0,0,0,0,0,0
26,CM-4,CM,CTAM: Meyers Desert,Beardmore Glacier,Transantarctic Mountains,-85.171731,167.079235,1893.12,1927.78,upper,154.8,14.9,-37.5,3.8,239.8,7.459,6.891,5.492,198.6,7.4,2.74,-9.49,0.07,0.21,2.92,6.73,167.14,156.8,0.25,444.66,3.84,56.66,7.14,0.25,25,10.57,223.8,163.93,0.5,469.66,294.95,45.58,26.5,394.28,2.991,11132.26,2.5,0.5,100.1,0.9,8668.34,2.5,8.72,19.64,14.13,17715.43,8.02,2001,12.12,3774.55,411.42,0.2,1101.2,11.92,322.04,13.03,1.5,3,835.27,1.5,89.58,165.43,2,23.85,49.4,0,0,1,0,0,0,0,0,0
27,CM-PA 3-10,CM,CTAM: Meyers Desert,Beardmore Glacier,Transantarctic Mountains,-85.17185,167.079833,1892.78,1927.44,upper,154.8,14.9,-37.5,2.6,244.6,8.143,7.255,6.93,139.6,13.5,3.25,-10.51,0.04,0.17,4.1,12.05,187.57,289.51,0.25,1774.45,11.17,71.75,24.84,0.25,25,23.21,259.32,314.35,0.5,1799.45,249.36,49.15,26.01,1497.5,3.765,19728.37,2.5,0.5,125.35,1.31,12173.04,2.5,10.66,23.94,14.99,23360.16,2.5,2683.1,18.91,4923.54,467.71,0.3,2723.34,14.59,383.2,19.01,1.5,3,35.71,1.5,130.38,68.21,2,24.25,68.21,0,0,1,0,0,0,0,0,0
28,CM-PA 30,CM,CTAM: Meyers Desert,Beardmore Glacier,Transantarctic Mountains,-85.171731,167.079235,1893.12,1927.78,upper,154.8,14.9,-37.5,3.8,239.8,7.954,7.005,6.8,242.4,13.1,3.07,-8.22,0.04,0.22,5.04,9.29,48.18,0.25,0.25,25,0.13,48.27,0.25,0.25,25,9.41,96.45,0.5,0.5,50,57.17,38.99,5.69,135.37,0.75,14569.14,2.5,0.5,130.66,1.3,11873.75,2.5,10.72,23.25,14.13,23727.45,2.5,2715.43,18.74,4985.97,469.34,0.1,592.18,14.73,274.75,19.44,1.5,3,1046.09,1.5,122.95,73.35,2,22.04,67.23,0,0,1,0,0,0,0,0,0
29,CM2 (OM),CM,CTAM: Meyers Desert,Beardmore Glacier,Transantarctic Mountains,-85.161882,167.083086,1870.27,1904.93,upper,153.9,14.9,-37.5,1.8,158.5,7.418,6.075,6.596,153,9.8,2.43,-8.5,0.08,0.23,2.88,33.69,229.11,89.46,0.25,25,29.64,162.09,0.25,0.25,25,63.33,391.2,89.71,0.5,50,435.6,118.95,42,372.57,4.11,14078.16,2.5,0.5,135.07,1.2,11042.08,2.5,9.92,22.95,12.93,22064.13,21.54,2390.78,17.03,4716.43,508.72,0.1,610.62,14.43,274.35,15.63,1.5,3,883.87,1.5,104.51,97.7,2,24.75,61.52,0,0,1,0,0,0,0,0,0
30,CR-0819,CR,Cape Royds (2007-08),Cape Royds,South Victoria Land,-77.551,166.163,-23.004,30.025,lower,0.5,57.3,-14.53,6.5,86,6.185,5.343,5.704,1992.9,7.4,25.5,-28.07,0.41,1.47,3.57,25.51,106.14,234.36,142.27,25,31.68,69.38,29.91,116.71,25,57.19,175.52,264.27,258.98,50,24.33,146.17,35.52,194.44,0.175,14730,5.9,0.5,20.4,2.8,14670,2.5,4.6,7.9,0.5,16470,236,4133,8.8,3867,579.7,2,9005,0.5,10890,1.5,1.5,3,230.2,1.5,183.2,896,2,4.2,131.3,1,0,0,0,0,0,0,0,0
31,CR-0821,CR,Cape Royds (2007-08),Cape Royds,South Victoria Land,-77.551,166.163,-23.004,30.025,lower,0.5,57.3,-14.53,6.5,86,6.86,6.552,6.532,3383.5,5.1,27.43,-27.86,0.54,1.36,2.5,22.37,138.81,370.68,341.84,25,21.99,46.21,39.06,296.54,25,44.36,185.02,409.74,638.37,50,70.88,215,245.15,247.75,0.275,13163.67,5.39,0.5,15.27,2.2,10608.78,2.5,2.59,5.09,0.5,11427.15,151.7,3558.88,4.69,3675.65,398.4,1.3,9366.27,0.5,8527.94,1.5,1.5,3,196.11,1.5,129.74,533.63,2,4.19,75.85,1,0,0,0,0,0,0,0,0
32,CR-0826,CR,Cape Royds (2007-08),Cape Royds,South Victoria Land,-77.551,166.163,-23.004,30.025,lower,0.5,57.3,-14.53,6.5,86,7.597,7.005,7.026,3573.3,8.1,31.71,-27.78,0.36,0.69,1.92,40.24,849.81,182.18,399.77,511.92,49.01,185.8,47.12,450.53,25,89.24,1035.61,229.3,850.3,536.92,23.5,357.17,64.73,877.49,0.285,16381.05,7.26,0.5,18.35,2.72,10191.53,2.5,3.73,7.86,0.5,15594.76,99.8,4887.1,10.38,6540.32,524.4,2.02,10897.18,0.5,13195.56,1.5,1.5,3,265.93,1.5,164.42,845.56,2,1.51,80.75,1,0,0,0,0,0,0,0,0
33,CR-0828,CR,Cape Royds (2007-08),Cape Royds,South Victoria Land,-77.551,166.163,-23.004,30.025,lower,0.5,57.3,-14.53,6.5,86,7.16,6.81,6.752,4156.1,7,33.08,-27.32,0.44,0.88,1.99,23.84,833.29,322.49,301.77,1600.38,39,109.43,41.55,296.35,25,62.84,942.72,364.03,598.12,1625.38,22.31,282.85,139.4,622.5,0.245,14305.84,6.44,0.5,14.49,2.41,9986.92,2.5,3.52,7.44,0.5,12545.27,71.43,4333,7.85,5321.93,459.15,2.11,10261.57,0.5,11096.58,1.5,1.5,3,213.38,1.5,138.93,661.67,2,3.52,80.28,1,0,0,0,0,0,0,0,0
34,CR-0833,CR,Cape Royds (2007-08),Cape Royds,South Victoria Land,-77.551,166.163,-23.004,30.025,lower,0.5,57.3,-14.53,6.5,86,6.752,5.966,6.198,2574.7,6,23.29,-22.7,0.08,0.38,4.45,18.31,741.86,40.7,76.28,25,16.45,122.95,0.25,18.11,25,34.76,864.81,40.95,94.38,50,8.54,152.85,12.66,508.87,0.105,13935.74,2.5,0.5,18.07,2.11,4618.47,2.5,5.22,7.63,0.5,14949.8,25,4878.51,7.13,3994.98,471.99,1.61,10251,2.11,2281.12,1.5,1.5,3,201.41,1.5,43.98,1114.46,2,5.42,47.09,1,0,0,0,0,0,0,0,0
35,CS-CR2,CS,Cape Royds (2012-13),Cape Royds,South Victoria Land,-77.55312,166.16075,-40.5921,12.4279,lower,0.1,57.3,-14.53,6.2,259,5.365,4.445,5.138,5942,15.1,27.18,-25.03,0.12,0.31,2.57,4.76,2117.52,140.23,60.63,885.4,7.13,240.83,7.56,62.87,25,11.89,2358.34,147.79,123.5,910.4,32.16,157.14,54.57,2223.71,0.23,21262.53,2.5,0.5,54.51,2,6812.63,2.5,8.22,10.12,0.5,21773.55,25,4525.05,3.81,4550.1,561.32,2.3,13917.84,2.4,5545.09,1.5,1.5,3,181.86,1.5,65.33,2007.01,2,15.13,53.11,1,0,0,0,0,0,0,0,0
36,CS-CR5,CS,Cape Royds (2012-13),Cape Royds,South Victoria Land,-77.55379,166.16237,-47.1427,5.87528,lower,0.1,57.3,-14.53,4.5,32.5,5.463,5.003,5.059,5358.7,9,22.88,-26.63,0.21,0.89,4.22,8.3,2212.57,188.1,200.31,692.65,7.17,327.6,11.89,254.35,25,15.47,2540.17,199.99,454.65,717.65,71.72,184.07,233.16,1500.25,0.465,21492.99,10.32,96.79,46.59,4.71,16993.99,2.5,6.11,11.62,1.6,17094.19,130.86,5510.02,8.22,4089.18,582.97,3.11,15611.22,2.1,11352.71,3.11,1.5,3,232.36,1.5,237.58,1036.07,2,14.23,109.42,1,0,0,0,0,0,0,0,0
37,CS-CR7,CS,Cape Royds (2012-13),Cape Royds,South Victoria Land,-77.55383,166.16182,-48.9174,4.09965,lower,0.1,57.3,-14.53,2.9,65.1,7.382,6.979,7.068,10769.5,12.3,40.84,-25.3,0.48,0.51,1.06,15.44,2432.78,9.17,417.79,1686,12.68,297.75,10.8,459.49,25,28.12,2730.53,19.97,877.29,1711,54.92,570,69.5,2849.5,0.71,15010.04,6.22,14.76,44.68,1.51,7650.6,2.5,6.22,6.53,0.5,13805.22,42.77,4097.39,8.73,5653.61,471.49,1.41,10823.29,2.61,5448.8,1.5,1.5,3,192.07,1.5,75.5,1087.35,2,10.44,41.77,1,0,0,0,0,0,0,0,0
38,CS-CR9,CS,Cape Royds (2012-13),Cape Royds,South Victoria Land,-77.5538,166.16188,-48.6517,4.36534,lower,0.1,57.3,-14.53,2.9,65.1,4.94,4.079,4.656,3433.2,7.9,21.35,-24.37,0.1,0.46,4.67,4.68,951.91,32.81,0.25,25,2.56,166.56,0.25,11.76,25,7.24,1118.47,33.06,12.01,50,8.36,137.54,20.8,681.3,0.075,25558.88,2.5,5.09,64.77,3.39,10109.78,2.5,8.38,10.48,0.5,22405.19,24.15,7534.93,9.08,5146.71,725.75,3.09,16676.65,2,4990.02,1.5,1.5,3,217.66,1.5,137.03,1784.43,2,22.26,74.55,1,0,0,0,0,0,0,0,0
39,DA-1,DA,Darwin,Darwin Glacier,South Victoria Land,-79.87,159.36,415.134,465.032,lower,3.4,122.5,-26.96,4.9,276.9,8.629,7.086,7.289,117.3,6.2,-2.37,-3.7,0.02,0.1,4.21,5.96,330.51,96.21,0.25,555.84,6.85,59.85,5.17,0.25,391.23,12.81,390.35,101.38,0.5,947.07,429.31,87.69,79,317.22,0.44,11837.35,2.5,0.5,23.09,0.5,7109.44,2.5,7.73,15.66,26.2,13142.57,2.5,1156.63,9.84,4324.3,134.64,0.1,917.97,11.45,195.18,3.31,1.5,3,105.42,1.5,24.6,87.75,2,21.08,19.08,0,0,0,0,1,0,0,0,0
40,DA-3,DA,Darwin,Darwin Glacier,South Victoria Land,-79.87,159.36,415.134,465.032,lower,3.4,122.5,-26.96,4.9,276.9,8.868,7.534,7.661,161.5,3.4,-11.57,-38.45,0.03,0.01,0.35,5.07,321.73,285.47,0.25,25,7.88,53.74,18.85,0.25,25,12.95,375.47,304.32,0.5,50,398.58,31.19,86.59,308.01,1.624,10522.09,6.12,92.37,12.05,1.1,6148.59,2.5,9.24,12.25,46.49,14538.15,117.07,717.37,21.08,3711.85,141.16,1,1191.77,12.55,241.47,3.61,1.5,3,116.67,1.5,21.29,144.48,2,42.57,19.38,0,0,0,0,1,0,0,0,0
41,DA-4,DA,Darwin,Darwin Glacier,South Victoria Land,-79.87,159.36,415.134,465.032,lower,3.4,122.5,-26.96,4.9,276.9,8.703,6.984,7.555,103.1,3.6,-11.24,-9.94,0.12,0.05,0.42,8.31,1053.86,1074.44,0.25,922.26,6.89,100.35,74.82,0.25,25,15.2,1154.21,1149.26,0.5,947.26,1583.72,49.5,488.9,782.84,6.253,13835.34,2.5,14.56,12.05,0.6,8942.77,2.5,9.84,16.77,43.78,17088.35,38.76,1454.82,27.11,6169.68,168.27,0.6,1852.41,15.36,224.5,3.61,1.5,3,172.99,1.5,27.71,163.25,2,41.77,21.79,0,0,0,0,1,0,0,0,0
42,DA-5,DA,Darwin,Darwin Glacier,South Victoria Land,-79.87,159.36,415.134,465.032,lower,3.4,122.5,-26.96,4.9,276.9,8.696,7.301,7.521,103.3,4.5,-10.45,-5.59,0.21,0.08,0.37,4.14,1989.78,1976.96,0.25,25,5.25,140.12,107.23,0.25,25,9.39,2129.9,2084.19,0.5,50,1525.36,63.54,854.41,1967.81,5.357,13108.65,2.5,2.11,11.07,0.6,8565.39,2.5,9.86,18.91,40.64,16408.45,20.93,1518.11,8.05,6258.55,185.21,0.5,2722.33,14.89,267.2,4.73,1.5,3,199.3,1.5,22.84,101.31,2,25.05,24.45,0,0,0,0,1,0,0,0,0
43,DA-6,DA,Darwin,Darwin Glacier,South Victoria Land,-79.87,159.36,415.134,465.032,lower,3.4,122.5,-26.96,4.9,276.9,8.482,6.918,7.522,121.1,3.2,-13.83,-20.63,0.09,0.03,0.3,2.77,616.93,617.29,0.25,1068.89,0.13,96.64,71.76,0.25,25,2.9,713.57,689.05,0.5,1093.89,1225.53,60.96,426.12,483.33,3.713,10886.45,2.5,0.5,52.79,0.3,6738.05,2.5,6.77,14.74,25,12948.21,11.16,1387.45,26.89,4596.61,161.25,0.5,1290.84,10.76,297.91,5.98,1.5,3,176.59,1.5,22.71,108.76,2,25.3,15.74,0,0,0,0,1,0,0,0,0
44,DS1(1-2),DS,Dais,Upper Wright Valley,South Victoria Land,-77.551217,161.22075,802.678,854.18,lower,54.1,37,-31.26,4.9,294.9,8.046,7.645,7.937,5995.7,5.1,-15.45,-23.16,0.03,0.07,2.32,7.95,813.22,144.88,0.25,7099.92,6.55,489.11,13.17,0.25,5836.95,14.5,1302.33,158.05,0.5,12936.86,5538.85,591.9,432.29,1183.14,8.938,12359.44,2.5,5.32,22.09,0.5,22881.53,2.5,7.43,16.16,8.43,13975.9,7.43,2016.06,13.96,5456.83,225.8,0.1,2070.28,10.94,277.71,1.5,1.5,3,242.57,1.5,43.07,506.73,2,23.19,29.52,0,0,0,0,0,1,0,0,0
45,DS2(1-2),DS,Dais,Upper Wright Valley,South Victoria Land,-77.55055,161.25785,747.053,798.559,lower,53.2,37,-31.26,2.2,0.1,8.091,7.662,7.971,6714.2,5.2,-14.9,-9.19,0.03,0.1,3.33,5.52,868.2,199.11,0.25,7801.85,5.15,194.25,9.58,0.25,6348.55,10.66,1062.45,208.69,0.5,14150.4,5757,217.8,413.65,1236.2,9.1,10711.42,2.5,0.5,26.05,1,23086.17,2.5,6.51,15.43,8.52,13336.67,2.5,1993.99,12.22,4759.52,210.02,0.2,2500,9.12,437.88,1.5,1.5,3,263.73,1.5,39.28,355.41,2,18.84,29.16,0,0,1,0,0,0,0,0,0
46,GE-A1-3,GE,Garwood Elevationanl Transect,Garwood Valley,South Victoria Land,-78.02102,163.89929,304.222,355.637,lower,9.7,58.3,-25.52,2.8,16.9,10.074,8.312,8.103,280.7,2.8,-13.05,0.83,0.01,0.82,91.07,0.13,2.5,0.25,0.25,25,0.13,2.5,0.25,0.25,25,0.25,5,0.5,0.5,50,14.84,56.21,4.71,161.15,0.125,9648.89,2.5,0.5,57.75,0.05,37847.08,2.5,13.98,24.04,4.43,18038.23,2.5,2470.82,7.34,14336.02,247.99,0.6,3150.91,46.98,753.92,1.5,1.5,3,126.96,1.5,209.76,1384.31,2,46.08,31.29,0,0,1,0,0,0,0,0,0
47,GE-A2-2,GE,Garwood Elevationanl Transect,Garwood Valley,South Victoria Land,-78.02102,163.89957,304.376,355.791,lower,9.7,58.3,-25.52,2.8,16.9,9.926,8.194,8.051,229.2,1.9,-12.51,0.41,0.01,0.61,81.31,0.13,2.5,0.25,0.25,25,0.13,2.5,0.25,0.25,25,0.25,5,0.5,0.5,50,11.15,36.87,5.56,173.35,0.13,12439.76,5.12,20.68,88.15,0.6,29377.51,2.5,17.37,34.44,5.92,23202.81,53.92,3327.31,12.35,16355.42,381.53,0.6,4080.32,60.14,762.85,3.11,3.71,3,201.41,1.5,228.92,2132.53,2,51.2,35.24,0,0,1,0,0,0,0,0,0
48,GE-B1-3,GE,Garwood Elevationanl Transect,Garwood Valley,South Victoria Land,-78.01838,163.88684,317.617,369.033,lower,10,58.3,-25.52,5.4,1.5,9.644,8.159,8.053,280.1,3.2,-10.4,-0.67,0.01,0.81,62.43,0.13,40.38,0.25,0.25,25,0.13,2.5,0.25,0.25,25,0.25,42.88,0.5,0.5,50,17.44,49.67,8.63,176.31,0.195,11603.59,2.5,0.5,86.75,0.1,48256.97,2.5,15.54,29.38,5.58,21374.5,19.42,3478.09,12.25,14691.24,348.21,0.6,3711.16,49.5,808.96,1.5,1.5,3,171.12,1.5,325.4,1821.71,2,47.71,33.76,0,0,1,0,0,0,0,0,0
49,GE-C2-3,GE,Garwood Elevationanl Transect,Garwood Valley,South Victoria Land,-78.0178,163.87904,335.981,387.395,lower,10.2,58.3,-25.52,10.1,322,9.797,7.962,7.979,298.7,2.9,-12.67,-1.02,0.01,0.79,68.78,0.13,2.5,0.25,0.25,25,0.13,2.5,0.25,0.25,25,0.25,5,0.5,0.5,50,46.14,49.46,8.45,237.75,0.18,10401.61,2.5,0.5,104.02,0.1,34899.6,2.5,12.85,26.81,8.33,19206.83,10.44,4182.73,18.47,11736.95,290.26,0.6,2875.5,35.04,749.1,1.5,1.5,3,165.96,1.5,289.26,1706.83,2,41.57,34.64,0,0,1,0,0,0,0,0,0
50,GE-C3-2,GE,Garwood Elevationanl Transect,Garwood Valley,South Victoria Land,-78.0178,163.87984,334.335,385.749,lower,10.2,58.3,-25.52,11.3,312.3,9.756,7.996,7.915,230.6,2.6,-10.51,-0.98,0.01,0.7,58.21,0.13,2.5,0.25,0.25,25,0.13,2.5,0.25,0.25,25,0.25,5,0.5,0.5,50,12.9,39.76,6.45,193.36,0.16,11700,2.5,0.5,105.4,0.05,35370,2.5,15.7,32.1,7.4,22090,5.5,4043,15.5,14830,341.9,0.5,3291,49.3,897.9,1.5,3.5,3,172.9,1.5,262.2,2109,2,47.7,36.9,0,0,1,0,0,0,0,0,0
51,HC-BA1,HC,Hawkins Cirque,Virginia Valley,South Victoria Land,-77.51125,160.58441,1142.92,1194.48,middle,67.7,38.3,-35.59,5.9,332.2,7.593,6.93,6.847,1693,2.8,-11.63,-30.58,0.01,0.03,2.64,4,56.3,13.81,0.25,641.11,9.8,50.4,0.25,0.25,25,13.8,106.7,14.06,0.5,666.11,99.08,56.62,42.64,240.79,0.3,6630.22,2.5,0.5,3.18,0.1,3524.85,2.5,10.44,7.75,39.86,15149.11,10.44,438.87,0.05,4040.76,123.16,0.1,959.44,11.63,451.79,3.68,1.5,3,156.86,1.5,10.34,100.99,2,32.01,17.4,0,0,1,0,0,0,0,0,0
52,HC-BA2,HC,Hawkins Cirque,Virginia Valley,South Victoria Land,-77.51149,160.58763,1139.36,1190.93,middle,67.7,38.3,-35.59,7.8,331.1,8.513,6.684,6.806,32.8,2.1,-10.78,-30.06,0.01,0.04,4.58,0.13,2.5,0.25,0.25,25,0.13,72.56,0.25,0.25,25,0.25,75.06,0.5,0.5,50,6.49,89.94,3.78,22.86,0.015,4774.9,2.5,0.5,3.19,0.05,2589.64,2.5,7.27,6.08,21.91,10527.89,2.5,311.75,3.59,2595.62,96.31,0.3,436.85,8.76,339.14,3.59,1.5,3,163.15,1.5,7.37,85.06,2,22.01,47.41,0,0,1,0,0,0,0,0,0
53,HC-Z5-1,HC,Hawkins Cirque,Virginia Valley,South Victoria Land,-77.509267,160.589717,1163.15,1214.73,middle,67.4,38.3,-35.59,4.3,4.1,7.497,6.692,6.677,1694.7,2.6,-9.13,-31.57,0.01,0.03,1.83,5.85,161.78,73.51,0.25,620.23,1.93,136.15,0.25,0.25,25,7.77,297.93,73.76,0.5,645.23,90.73,99.68,48.87,347.95,0.135,4947.69,2.5,0.5,2.82,0.1,2698.19,2.5,9.26,4.73,33.3,13068.41,2.5,485.31,1.31,3039.24,106.24,0.1,840.14,9.15,424.95,3.92,1.5,3,161.07,1.5,6.24,73.44,2,25.96,14.29,0,0,1,0,0,0,0,0,0
54,HC-ZS2,HC,Hawkins Cirque,Virginia Valley,South Victoria Land,-77.509533,160.596333,1183.27,1234.84,middle,67.4,38.3,-35.59,14.5,16,7.236,6.502,6.574,3512,2.9,-12.3,-32.37,0.02,0.06,2.35,22.35,251.06,114.56,0.25,2918.12,30.25,174.87,4.91,0.25,25,52.59,425.92,119.47,0.5,2943.12,1076.75,134.94,224.4,350.7,2.805,6885.91,2.5,0.5,3.47,0.05,4003.97,2.5,11.21,7.84,41.87,15634.92,2.5,515.28,1.69,4335.32,129.27,0.1,956.05,13.49,512.4,3.77,1.5,3,169.15,1.5,13.99,74.5,2,26.69,18.35,0,0,1,0,0,0,0,0,0
55,HD-10,HD,Hogg: Durham Point,Scott Glacier,Transantarctic Mountains,-85.53565,-151.18523,257.424,294.606,lower,16.8,232.5,-22.57,12.2,183.2,6.912,6.258,6.704,2213,2.3,-6.98,-29.02,0.01,0.04,6.59,0.13,71.94,0.25,0.25,25,0.13,2.5,0.25,0.25,25,0.25,74.44,0.5,0.5,50,24.6,39.37,5.89,55.79,0.06,7581.67,2.5,0.5,9.56,0.6,4257.97,2.5,4.28,8.27,2.99,10348.61,2.5,1871.51,27.39,3060.76,212.35,0.1,225,2.59,422.01,6.57,1.5,3,333.37,1.5,10.06,821.41,2,13.45,36.95,0,0,0,0,1,0,0,0,0
56,HD-14,HD,Hogg: Durham Point,Scott Glacier,Transantarctic Mountains,-85.53555,-151.18968,252.395,289.579,lower,16.7,232.5,-22.57,10.9,191.8,6.476,6.687,7.179,11659.3,4,-11.18,-28.01,0.01,0.02,2.42,0.13,42.46,0.25,0.25,25,0.13,2.5,0.25,0.25,25,0.25,44.96,0.5,0.5,50,35.53,67.23,15.14,32.01,0.115,11962.15,2.5,0.5,19.32,0.7,4706.18,2.5,5.28,12.05,5.78,13814.74,2.5,3846.61,39.74,3934.26,290.54,0.1,383.86,2.79,371.31,6.77,1.5,3,344.92,3.78,16.73,969.02,2,15.14,50.9,0,0,0,0,1,0,0,0,0
57,HD-6,HD,Hogg: Durham Point,Scott Glacier,Transantarctic Mountains,-85.54578,-151.14393,430.317,467.411,lower,17.9,232.5,-22.57,14.2,154.4,6.794,6.755,7.07,16559.6,1,-9.9,-32.22,0.01,0.06,4.54,0.13,2.5,0.25,0.25,25,0.13,2.5,0.25,0.25,25,0.25,5,0.5,0.5,50,5.22,22.47,1.35,47.89,0.015,4399,2.5,0.5,6.9,0.3,1813,2.5,3.2,7.7,6.6,7517,2.5,1280,21.1,2392,166.1,0.1,145,1.9,221.4,3.2,1.5,3,151.2,1.5,3.1,460.3,2,10.2,28,0,0,0,0,1,0,0,0,0
58,HG-3,HG,Hogg: Garden Spur,Garden Spur,Transantarctic Mountains,-84.5361,-174.9459,122.046,161.613,lower,5.6,139.9,-21.73,3.6,128.4,7.514,5.696,6.562,31.8,1.2,-4.55,-30.48,0.02,0.12,7.09,0.13,2.5,0.25,0.25,25,0.13,2.5,0.25,0.25,25,0.25,5,0.5,0.5,50,10.29,52.91,4.12,44.14,0.025,6006.93,2.5,0.5,9.7,0.3,3134.65,2.5,5.64,9.01,2.08,11980.2,16.63,761.39,11.78,4078.22,277.43,0.1,138.51,4.55,421.29,4.26,1.5,3,152.67,1.5,8.42,642.87,2,23.66,30.99,0,0,0,0,1,0,0,0,0
59,HG-54,HG,Hogg: Garden Spur,Garden Spur,Transantarctic Mountains,-84.5362,-174.9438,122.004,161.572,lower,5.6,139.9,-21.73,13.9,207.8,8.665,7.879,7.821,403.1,1.1,-11.06,-30.29,0.02,0.2,9.09,0.13,2.5,0.25,0.25,25,6.17,2.5,0.25,0.25,25,6.3,5,0.5,0.5,50,4.18,31.11,0.88,6.47,0.008,4382,2.5,0.5,6.3,0.3,2440,2.5,3.8,5.7,3,6913,2.5,439.2,5.4,2688,184.7,0.1,155.8,2.7,187.2,5,1.5,3,112.8,1.5,7.5,373.2,2,14.5,24.4,0,0,0,0,1,0,0,0,0
60,HG-6,HG,Hogg: Garden Spur,Garden Spur,Transantarctic Mountains,-84.5357,-174.9415,93.7995,133.368,lower,5.6,139.9,-21.73,19.2,216.3,7.215,4.378,4.687,7247.5,2,-1.87,-29.68,0.04,0.31,8.16,0.13,2.5,0.25,0.25,25,0.13,2.5,0.25,0.25,25,0.25,5,0.5,0.5,50,13.26,42.99,3.7,11.7,0.03,6548.39,2.5,0.5,8.47,0.3,3464.72,2.5,6.15,7.16,3.53,12651.21,11.19,694.56,11.69,4447.58,280.54,0.1,145.97,4.44,652.12,4.03,3.63,3,219.05,1.5,6.85,565.63,2,23.89,33.47,0,0,1,0,0,0,0,0,0
61,HG-8,HG,Hogg: Garden Spur,Garden Spur,Transantarctic Mountains,-84.5356,-174.952,119.382,158.948,lower,5.5,139.9,-21.73,9.1,153.1,4.51,3.564,4.279,4173.9,1,-2.45,-28.7,0.03,0.33,9.71,0.13,2.5,0.25,41.37,25,0.13,2.5,0.25,0.25,25,0.25,5,0.5,41.62,50,7.69,68.72,1.21,44.05,0.02,5514,2.5,0.5,8.7,0.2,2821,2.5,5.4,6.3,0.5,9500,6.8,606.3,7.5,3654,214.5,0.1,165.9,3.7,370.8,1.5,1.5,3,182.7,1.5,5.8,569.8,2,18,25.7,0,0,0,0,0,0,0,0,1
62,HG-9,HG,Hogg: Garden Spur,Garden Spur,Transantarctic Mountains,-84.5379,-174.9299,157.443,197.013,lower,5.9,139.9,-21.73,19.3,186.2,4.787,3.83,4.597,4703.2,0.7,-8.59,-29.66,0.01,0.09,8.63,0.13,45.32,0.25,0.25,25,0.13,2.5,0.25,0.25,25,0.25,47.82,0.5,0.5,50,4.47,49.15,0.92,16.87,0.015,3942.66,2.5,0.5,7.55,0.1,1963.78,2.5,3.92,2.82,2.41,7041.25,2.5,676.56,9.26,2791.75,212.78,0.1,136.42,1.21,279.58,1.5,1.5,3,139.44,1.5,3.12,452.82,2,13.58,21.53,0,0,0,0,1,0,0,0,0
63,HK-1,HK,Mount Kyffin,Beardmore Glacier,Transantarctic Mountains,-83.760833,172.746167,438.754,480.062,lower,7.2,175.6,-23.17,28.2,14.3,7.66,7.165,7.639,13825.6,1,-6.66,-28.75,0.01,0.05,5.01,6.59,51.89,0.25,0.25,25,2.5,2.5,0.25,0.25,25,9.08,54.39,0.5,0.5,50,45.84,148.85,3.6,19.17,0.09,4445.11,2.5,0.5,18.46,0.1,1013.97,2.5,3.29,9.48,1.3,8619.76,2.5,2673.65,37.82,1811.38,183.03,0.3,167.86,3.09,244.11,4.39,1.5,3,206.99,1.5,3.79,401.5,2,4.29,27.35,0,0,0,0,0,0,0,1,0
64,HK-2,HK,Mount Kyffin,Beardmore Glacier,Transantarctic Mountains,-83.760833,172.7461,438.663,479.971,lower,7.2,175.6,-23.17,28.2,14.3,6.726,6.125,6.672,13255.9,1,-10.27,-27.07,0.03,0.29,9.95,6.23,2.5,0.25,0.25,25,2.29,2.5,0.25,23.83,25,8.52,5,0.5,24.08,50,11.61,174.74,2.02,14.66,0.05,5574.3,9.94,74.3,23.19,1.61,1306.22,2.5,4.72,16.16,7.13,9505.02,102.61,3644.58,36.75,3306.22,216.87,0.3,340.56,5.12,321.59,7.73,1.5,3,172.79,1.5,4.42,518.78,4.82,10.24,32.93,0,0,0,0,0,0,0,1,0
65,HK-3,HK,Mount Kyffin,Beardmore Glacier,Transantarctic Mountains,-83.760817,172.74665,440.588,481.896,lower,7.2,175.6,-23.17,28.2,14.3,7.627,6.082,6.805,125.1,3,-5.6,-30.42,0.01,0.04,4.33,0.13,2.5,0.25,0.25,25,0.13,2.5,0.25,0.25,25,0.25,5,0.5,0.5,50,19.24,47.79,2.16,19.13,0.04,4679.28,2.5,19.22,22.21,0.7,1277.89,2.5,3.78,14.54,5.48,8911.35,38.75,3715.14,34.36,3283.86,197.31,0.1,272.41,4.08,308.57,5.18,1.5,3,141.04,1.5,3.98,468.73,2,10.06,29.28,0,0,0,0,0,0,0,1,0
66,HK-4,HK,Mount Kyffin,Beardmore Glacier,Transantarctic Mountains,-83.760717,172.749983,455.496,496.807,lower,7.1,175.6,-23.17,25.8,15,7.908,6.235,6.735,88.8,0.6,-5.71,-27.93,0.01,0.04,4.91,0.13,2.5,0.25,0.25,25,0.13,2.5,0.25,0.25,25,0.25,5,0.5,0.5,50,13.49,22.08,1.36,20.53,0.03,3037.77,2.5,3.68,8.35,0.2,1016.9,2.5,2.09,4.57,2.88,6917.5,22.47,1901.59,34.19,1429.42,170.78,0.1,308.75,0.5,271.77,4.17,1.5,3,138.97,1.5,1.79,215.31,2,4.08,24.35,0,0,0,0,0,0,0,1,0
67,HK-5,HK,Mount Kyffin,Beardmore Glacier,Transantarctic Mountains,-83.760733,172.750683,454.1,495.412,lower,7.1,175.6,-23.17,30.9,10.8,7.686,6.383,6.636,142.8,0.7,-7.66,-26.69,0.01,0.04,4.22,3.31,2.5,0.25,0.25,25,0.13,2.5,0.25,0.25,25,3.44,5,0.5,0.5,50,19,24.99,2.38,21.2,0.03,5995.02,6.08,1.89,26.89,0.3,1637.45,2.5,4.18,11.75,5.28,11513.94,12.35,4941.24,50,3431.27,253.09,0.1,273.31,3.29,316.33,8.47,1.5,3,138.05,3.88,3.49,669.62,2,9.76,39.04,0,0,0,0,0,0,0,1,0
68,HM-2,HM,Hogg: Masan,Mason Glacier,Transantarctic Mountains,-84.559,175.0087,2599.21,2637.65,upper,55.3,266.4,-32.06,8.6,107.2,6.415,4.581,5.331,24.6,1,-3.92,-25.9,0.02,0.12,6.04,0.13,2.5,0.25,0.25,25,0.13,2.5,0.25,0.25,25,0.25,5,0.5,0.5,50,9.6,21.66,2.32,3.97,0.032,6133.2,2.5,3.38,15.41,0.3,2126.24,2.5,4.87,10.34,1.19,12216.7,19.38,1852.88,13.62,2973.16,267.3,0.1,143.04,1.79,365.81,3.48,1.5,3,188.57,1.5,4.67,617.5,2,18.69,31.01,0,0,0,1,0,0,0,0,0
69,HM-3,HM,Hogg: Masan,Mason Glacier,Transantarctic Mountains,-84.559,175.0086,2599.07,2637.51,upper,55.3,266.4,-32.06,8.6,107.2,5.951,4.374,4.749,53.8,0.6,-7.25,-29.64,0.02,0.1,5.88,0.13,2.5,0.25,0.25,25,0.13,2.5,0.25,0.25,25,0.25,5,0.5,0.5,50,6.55,9.33,1.49,8.13,0.038,6152,2.5,0.5,15.2,0.2,1879,2.5,5.1,8.1,0.5,12840,10.2,2394,12.5,3484,312.4,0.2,128.7,2.1,364.3,4.4,1.5,3,163.7,1.5,3.3,620.8,2,18.9,36,0,0,0,1,0,0,0,0,0
70,HM-5,HM,Hogg: Masan,Mason Glacier,Transantarctic Mountains,-84.55905,175.0089,2599.7,2638.13,upper,55.3,266.4,-32.06,8.2,100.9,6.884,4.899,5.856,48.2,3.2,3.09,-26.55,0.03,0.19,6.53,0.13,2.5,0.25,0.25,25,0.13,2.5,0.25,0.25,25,0.25,5,0.5,0.5,50,10.35,17.13,1.91,4.7,0.025,11539.24,2.5,0.5,24.65,0.4,4091.55,2.5,7.75,13.28,1.51,19185.11,5.94,4744.47,25.55,5384.31,533.7,0.1,221.93,3.02,613.78,5.23,1.5,3,281.69,1.5,8.05,970.22,2,31.59,55.94,0,0,0,1,0,0,0,0,0
71,HM-6,HM,Hogg: Masan,Mason Glacier,Transantarctic Mountains,-84.55917,175.0089,2600.11,2638.54,upper,55.3,266.4,-32.06,8.2,95.8,6.521,4.881,5.633,44.6,2,-0.62,-26.92,0.06,0.66,11.27,0.13,2.5,0.25,0.25,25,0.13,2.5,0.25,0.25,25,0.25,5,0.5,0.5,50,17.23,18.29,4.63,5.38,0.03,9650.3,2.5,0.5,20.54,0.2,3090.18,2.5,7.52,13.63,0.5,17394.79,2.5,2917.84,22.24,4654.31,409.82,0.2,194.09,2.91,359.32,4.41,1.5,3,231.16,1.5,5.11,1052.1,2,29.46,48.5,0,0,0,1,0,0,0,0,0
72,HR-1,HR,Gateway Spur,Beardmore Glacier,Transantarctic Mountains,-83.774467,170.789883,344.785,385.151,lower,15.5,358.5,-28.81,0.7,177.1,8.575,7.879,7.693,139.8,0.4,-4.89,-28.68,0.01,0.11,7.95,0.13,2.5,0.25,0.25,25,0.13,2.5,0.25,0.25,25,0.25,5,0.5,0.5,50,14.86,30.2,2.86,19.18,0.03,5303.39,2.5,0.5,22.75,0.3,1924.15,2.5,3.49,13.97,4.19,8459.08,7.88,2994.01,42.51,4057.88,126.85,0.1,331.04,4.79,422.75,5.29,1.5,3,160.08,1.5,4.59,556.59,2,12.57,26.95,0,0,0,0,0,0,0,0,0
73,HR-2,HR,Gateway Spur,Beardmore Glacier,Transantarctic Mountains,-83.774883,170.78935,345.438,385.8,lower,15.5,358.5,-28.81,0.9,180.9,6.223,4.831,5.381,39.7,0.5,-12.37,-27.5,0.01,0.04,6.05,0.13,63.94,4.74,29.84,25,0.13,2.5,0.25,0.25,25,0.25,66.44,4.99,30.09,50,11.54,33.39,1.26,12.74,0.023,2155.31,2.5,1,8.12,0.2,543.59,2.5,1,6.51,0.5,3476.95,2.5,844.99,23.45,1082.16,79.66,0.1,175.15,1.5,72.85,6.71,1.5,3,178.26,1.5,0.8,134.17,2,0.5,14.23,0,0,0,0,0,0,0,0,0
74,HR-3,HR,Gateway Spur,Beardmore Glacier,Transantarctic Mountains,-83.774067,170.779983,345.012,385.376,lower,15.6,358.5,-28.81,0.8,211,7.752,6.737,7.1,70.8,0.5,-7.24,-10.22,0.02,0.27,11.38,0.13,2.5,0.25,0.25,25,0.13,2.5,0.25,0.25,25,0.25,5,0.5,0.5,50,4.97,27.78,0.69,13.12,0.017,2931,2.5,0.5,10.4,0.2,696.6,2.5,1.7,7.3,3.3,4205,2.5,1121,29.2,1532,89.2,0.1,273.3,2.1,132.3,5.4,1.5,3,148.9,1.5,1.3,228.3,2,4.2,16.2,0,0,0,0,0,0,0,0,0
75,HR-4,HR,Gateway Spur,Beardmore Glacier,Transantarctic Mountains,-83.77465,170.7777,346.094,386.452,lower,15.7,358.5,-28.81,0.8,212.7,7.484,6.227,6.846,38.3,0.6,-13.81,-29.18,0.01,0.05,5.98,0.13,2.5,0.25,0.25,25,0.13,2.5,0.25,0.25,25,0.25,5,0.5,0.5,50,4.53,37.04,0.87,13.1,0.015,4794.41,2.5,0.5,21.76,0.3,1182.63,2.5,3.09,11.68,6.09,7002.99,2.5,2378.24,37.03,3068.86,138.42,0.1,256.29,4.19,207.78,6.79,1.5,3,139.42,1.5,3.49,382.44,2,7.49,24.15,0,0,0,0,0,0,0,0,0
76,HR-5,HR,Gateway Spur,Beardmore Glacier,Transantarctic Mountains,-83.774367,170.777417,345.775,386.135,lower,15.6,358.5,-28.81,1,219.9,7.942,6.399,7.002,56.6,0.9,-13.47,-24.27,0.01,0.07,6.03,5.24,42.79,0.25,0.25,25,0.13,2.5,0.25,0.25,25,5.36,45.29,0.5,0.5,50,14.17,43.56,1.83,48.03,0.055,4768.54,2.5,0.5,18.44,0.3,1264.53,2.5,2.91,11.12,3.81,7182.36,2.5,2081.16,45.09,2846.69,142.28,0.1,195.99,3.81,170.44,16.23,1.5,3,150.8,1.5,3.11,350.8,2,8.32,26.25,0,0,0,0,0,0,0,0,0
77,HS-1,HS,Harcourt Spur,Beardmore Glacier,Transantarctic Mountains,-83.8008,172.217233,552.716,593.597,lower,9.1,175.6,-23.17,28.9,41.7,8.089,6.455,5.673,80.6,3.5,-9.19,-16.36,0.01,0.09,7.47,0.13,40.59,0.25,0.25,25,0.13,2.5,0.25,0.25,25,0.25,43.09,0.5,0.5,50,60.02,80.14,3.17,23.33,0.135,18613.86,2.5,0.5,83.96,0.3,9003.96,2.5,12.87,41.58,25.45,22643.56,2.5,10544.55,30.1,14970.3,401.09,0.1,534.16,18.22,1765.35,17.62,1.5,3,168.51,1.5,27.62,1152.48,2,42.77,55.35,0,0,0,0,0,0,0,1,0
78,HS-2,HS,Harcourt Spur,Beardmore Glacier,Transantarctic Mountains,-83.800917,172.219133,556.287,597.169,lower,9.1,175.6,-23.17,26.1,44.4,8.388,6.442,5.712,20.1,3.5,-4.81,-12,0.01,0.07,6.24,0.13,2.5,0.25,6.87,25,0.13,2.5,0.25,0.25,25,0.25,5,0.5,7.12,50,61.66,34.17,2.8,17.06,0.1,20040,2.5,0.5,83.5,0.6,10180,2.5,12,34.8,26.5,20550,2.5,11490,32,13560,306.8,0.1,619.8,18.3,1815,7.4,1.5,3,185.9,1.5,32.7,1109,2,38.4,50.8,0,0,0,0,0,0,0,1,0
79,HS-3,HS,Harcourt Spur,Beardmore Glacier,Transantarctic Mountains,-83.800867,172.221833,561.672,602.555,lower,9.1,175.6,-23.17,12.4,119,8.25,5.226,5.548,12.3,4.4,-5.33,-6.27,0.01,0.16,18.45,0.13,2.5,0.25,0.25,25,0.13,2.5,0.25,0.25,25,0.25,5,0.5,0.5,50,68.78,58.55,1.53,8.32,0.11,20330,2.5,0.5,92.2,0.4,14500,2.5,14,47.7,22.4,24380,2.5,11860,32.1,16910,407.2,0.1,865.8,21.8,1780,11.9,1.5,3,212.4,1.5,50.7,1458,2,47.6,62.7,0,0,0,0,0,0,0,1,0
80,HS-4,HS,Harcourt Spur,Beardmore Glacier,Transantarctic Mountains,-83.8003,172.2103,533.736,574.614,lower,9,175.6,-23.17,29.8,85.3,8.184,5.006,5.545,10.7,2.9,-8.26,-4.74,0.01,0.21,25.31,0.13,2.5,0.25,0.25,25,0.13,2.5,0.25,0.25,25,0.25,5,0.5,0.5,50,68.81,28.97,1.56,8.79,0.07,17755.51,2.5,60.92,76.45,0.7,9956.91,2.5,12.53,46.09,12.63,24078.16,80.26,11422.85,32.46,11432.87,419.84,0.2,425.95,19.24,969.04,7.21,1.5,3,181.56,1.5,18.74,1459.92,2,48.5,61.42,0,0,0,0,0,0,0,1,0
81,HS-7,HS,Harcourt Spur,Beardmore Glacier,Transantarctic Mountains,-83.805733,172.26245,742.082,782.985,lower,9.8,175.6,-23.17,18,337.9,7.894,5.094,5.719,20.5,9,-17.17,-22.86,0.01,0.05,6.48,0.13,2.5,0.25,0.25,25,0.13,2.5,0.25,0.25,25,0.25,5,0.5,0.5,50,49.86,53.17,7.56,29.98,0.11,27475.05,2.5,5.09,124.75,0.4,12894.21,2.5,26.95,52.99,43.01,29810.38,34.23,10678.64,40.72,16556.89,206.49,0.2,501.3,49.5,3453.09,3.39,1.5,3,163.87,1.5,43.51,1228.54,2,95.71,61.28,0,0,0,0,0,0,0,1,0
82,HV1-8,HV,Shackleton Glacier,Shackleton Glacier,Transantarctic Mountains,-85.03005,-177.1751333,990,1025,middle,54.9,77.8,-33.88,13.3,247.6,8.301,7.128,7.67,845.9,4.8,0.87,-21.29,0.02,0.06,3.58,0.13,307.89,22.89,0.25,25,0.13,37.77,0.25,0.25,25,0.25,345.66,23.14,0.5,50,23.59,52.43,10.24,273.4,0.006,14051.9,2.5,0.5,28.04,0.4,7307.39,2.5,9.78,18.86,23.35,16197.6,2.5,1056.89,10.88,4228.54,211.48,0.3,1335.33,19.96,312.57,6.59,1.5,3,332.83,1.5,24.15,203.29,2,42.91,30.44,0,0,0,1,0,0,0,0,0
83,HV2-5,HV,Shackleton Glacier,Shackleton Glacier,Transantarctic Mountains,-85.0467,-177.4161667,924,959,middle,57.2,77.8,-33.88,5.5,333,7.235,6.092,6.909,1256.5,6.5,0.25,-26.22,0.02,0.08,4.05,15.48,109.67,17.24,0.25,878.1,28.89,102,0.25,0.25,25,44.37,211.67,17.49,0.5,903.1,161.54,55.7,39.08,326.43,0.004,16782.87,14.54,70.42,26.79,1.79,6788.84,2.5,9.76,19.52,22.41,16543.82,121.22,1107.57,15.14,3917.33,247.41,1.1,2519.92,20.22,794.62,7.47,1.5,3,470.62,1.5,33.86,232.87,4.88,31.47,38.55,0,0,1,0,0,0,0,0,0
84,HV3-1,HV,Shackleton Glacier,Shackleton Glacier,Transantarctic Mountains,-85.03316667,-177.3292167,1161,1196,middle,55.6,77.8,-33.88,22.7,310.5,7.736,7.035,7.635,7246.4,6.9,6.6,-24.29,0.05,0.05,0.97,18.16,974.51,315.57,0.25,7555.38,17.94,92.94,11.53,0.25,6750.45,36.1,1067.45,327.1,0.5,14305.83,5785.07,82.73,571.51,975.68,10.572,18001.99,5.67,11.73,32.01,0.89,29771.37,2.5,11.13,25.25,28.23,19671.97,46.22,2231.61,18.59,7053.68,254.87,0.6,2138.17,28.33,313.52,8.05,1.5,3,513.22,1.5,64.51,191.65,2,29.32,45.73,0,0,1,0,0,0,0,0,0
85,HV3-9,HV,Shackleton Glacier,Shackleton Glacier,Transantarctic Mountains,-85.02945,-177.1922833,1003,1038,middle,54.8,77.8,-33.88,8.6,182.8,8.359,7.103,7.564,220.2,4.6,0.18,-25.3,0.02,0.09,5.75,0.13,60.35,9.04,0.25,25,0.13,2.5,0.25,0.25,25,0.25,62.85,9.29,0.5,50,23.9,10.52,5.13,45.47,0.004,13240,2.5,0.5,27.4,0.4,7170,2.5,9.4,18.7,25.4,16020,26.6,994.3,12,4128,206.4,0.4,910.6,19.8,347.7,6.9,1.5,3,260.4,1.5,23,169.5,2,34.8,29.8,0,0,0,1,0,0,0,0,0
86,HVY-4A,HVY,Hidden Valley,Hidden Valley,South Victoria Land,-78.14,163.901,237.977,289.3,lower,4.9,58.3,-25.52,15.6,15.2,9.912,7.285,7.478,285.9,3.2,-12.71,-5.31,0.01,0.12,17.01,6.23,2.5,0.25,0.25,25,0.13,2.5,0.25,0.25,25,6.35,5,0.5,0.5,50,72.96,29.84,5.49,246.53,0.065,12425.45,2.5,0.5,53.58,0.4,12415.51,2.5,22.86,38.67,10.14,25347.91,21.57,3047.71,10.64,27107.36,384.69,0.6,4747.51,119.38,786.78,1.5,1.5,3,334.59,1.5,133.5,1794.23,2,54.47,36.68,0,0,1,0,0,0,0,0,0
87,HVY-5A,HVY,Hidden Valley,Hidden Valley,South Victoria Land,-78.14,163.901,237.977,289.3,lower,4.9,58.3,-25.52,15.6,15.2,9.957,7.663,7.868,610.8,4.6,-8.66,-2.72,0.01,0.14,25.24,4.66,97.6,0.25,0.25,25,0.13,50.11,0.25,0.25,25,4.78,147.7,0.5,0.5,50,65.54,45.39,6.38,400.55,0.08,21696.79,2.5,0.5,95.18,0.2,23755.02,2.5,37.05,63.45,14.46,40672.69,11.45,4240.96,6.63,42359.44,617.67,1,8599.4,170.18,1088.35,1.5,3.11,3,517.47,1.5,252.41,3311.24,2,94.48,53.51,0,0,1,0,0,0,0,0,0
88,HVY-9054A,HVY,Hidden Valley,Hidden Valley,South Victoria Land,-78.15421751,163.950428,94.4075,145.733,lower,2.1,109.7,-20.02,11.5,330,9.718,7.287,7.654,225,4.4,-15.92,-3.59,0.01,0.2,24.48,4.19,2.5,0.25,0.25,25,0.13,2.5,0.25,0.25,25,4.31,5,0.5,0.5,50,61.26,36.62,5.45,247.99,0.095,19405.24,2.5,0.5,82.56,0.3,24254.03,2.5,35.28,60.08,12.9,38346.77,6.45,4011.09,8.87,41512.1,559.07,0.81,6987.9,171.17,1090.73,3.73,1.5,3,379.13,1.5,233.17,3101.81,2,82.76,53.13,0,0,1,0,0,0,0,0,0
89,HVY-9062A,HVY,Hidden Valley,Hidden Valley,South Victoria Land,-78.14311,163.89069,167.412,218.732,lower,4,58.3,-25.52,6.1,8.3,10.135,8.162,8.369,403.4,4.3,-12.76,-4.2,0.01,0.15,25.83,5.54,2.5,0.25,0.25,25,5.78,2.5,0.25,0.25,25,11.32,5,0.5,0.5,50,82.15,48.88,6.01,468.21,0.075,14900.2,2.5,0.5,61.28,0.2,14890.22,2.5,22.85,38.02,11.08,26836.33,2.5,3247.5,5.89,25748.5,387.43,0.7,5542.91,100.4,845.91,1.5,1.5,3,189.22,1.5,157.29,2014.97,2,62.87,40.12,0,0,1,0,0,0,0,0,0
90,HVY-9130A,HVY,Hidden Valley,Hidden Valley,South Victoria Land,-78.16503243,163.9685377,-45.5941,5.73187,lower,1.1,109.7,-20.02,4.5,326.8,9.633,8.892,9.02,10418,4.9,-9.63,-0.5,0.01,0.16,21.77,9.18,2322.18,12.08,0.25,2896.31,6.31,178.49,0.25,0.25,25,15.48,2500.67,12.33,0.5,2921.31,76.03,129.75,11.51,3176.5,0.31,18376.75,2.5,0.5,74.55,0.2,18897.8,2.5,28.26,46.19,11.82,32505.01,2.5,4001,8.72,31903.81,482.77,0.8,10280.56,126.85,1112.22,1.5,3.31,3,302.91,1.5,203.51,2832.67,2,77.96,48,0,0,1,0,0,0,0,0,0
91,KR-1,KR,Shackleton Glacier,Shackleton Glacier,Transantarctic Mountains,-85.19783333,-177.1021167,1727,1761,upper,72.6,77.8,-33.88,20.5,261,8.078,7.212,7.557,1092.1,7.6,-3.89,-28.86,0.02,0.05,2.3,0.13,145.49,58.49,0.25,530.35,0.13,2.5,0.25,0.25,25,0.25,147.99,58.74,0.5,555.35,172.05,52.7,14.13,328,1.063,19480,2.5,0.5,76.9,1.6,9276,2.5,10,22.5,7.5,23390,16.8,1343,26.7,4686,832.2,0.1,1071,22.4,234.4,20.9,1.5,3,0,1.5,79.1,359.5,2,12.7,74.3,0,0,0,0,0,0,0,1,0
92,KR-2,KR,Shackleton Glacier,Shackleton Glacier,Transantarctic Mountains,-85.1963,-177.1043,1747,1781,upper,72.4,77.8,-33.88,26.1,303.2,7.277,6.707,7.11,15610,9.3,-1.93,-33.99,0.1,0.01,0.13,14.25,2394.8,867.3,0.25,9923.1,16.89,212.57,59.9,0.25,5927.73,31.14,2607.37,927.2,0.5,15850.83,4403.5,56.61,1322.4,3233.5,97.395,15270.54,2.5,0.5,37.88,1.3,9052.1,2.5,10.12,20.24,8.62,22555.11,11.42,1878.76,30.46,7554.11,498.2,0.1,3770.54,21.04,151.5,19.84,1.5,3,375.95,1.5,260.22,281.86,2,11.82,74.65,0,0,0,0,0,0,0,1,0
93,KR-4,KR,Shackleton Glacier,Shackleton Glacier,Transantarctic Mountains,-85.197,-177.06905,1644,1679,middle,72.4,77.8,-33.88,26.8,264.2,7.91,6.206,7.077,259.3,6.6,-6.09,-24.66,0.02,0.06,3.73,8.63,897.79,10.19,0.25,25,17.68,2.5,0.25,0.25,25,26.31,900.29,10.44,0.5,50,14.1,18.03,5.99,89.27,0.004,19520,2.5,0.5,23.2,0.7,6097,2.5,10.2,21.3,25.4,21180,8.4,1257,20.6,4423,335.9,0.1,863.1,18.2,511.6,7.2,1.5,3,524.5,1.5,31.7,133.4,2,29.8,46.1,0,0,0,1,0,0,0,0,0
94,LC1-5,LC,Cape Hallett,Cape Hallett,North Victoria Land,-72.321,170.228,-55.3906,-0.308624,lower,0.2,948.1,-12.38,0,320.3,5.39,4.51,4.773,172.7,10,19.38,-21.68,0.34,1.94,5.73,0.13,2.5,0.25,0.25,25,0.13,2.5,0.25,0.25,25,0.25,5,0.5,0.5,50,8.41,37.72,5.73,53.89,0.075,13996.02,2.5,0.5,34,1.19,9103.38,2.5,10.14,13.42,5.47,25566.6,2.5,2344.93,5.96,6916.5,531.71,1.49,4688.87,17.2,5982.11,1.5,4.08,3,277.63,1.5,69.28,1146.12,2,24.85,53.88,0,1,0,0,0,0,0,0,0
95,LGP (3-4),LGP,Cape Hallett,Cape Hallett,North Victoria Land,-72.321269,170.228218,-55.3984,-0.315437,lower,0.1,948.1,-12.38,0,108.2,5.889,4.325,4.896,96.7,6.9,20.44,-24.34,0.1,0.59,6,0.13,99.29,0.25,0.25,25,8.26,88.63,11.17,0.25,25,8.39,187.92,11.42,0.5,50,4.97,81.25,3.66,43.72,0.03,13670.63,11.81,75.3,44.15,2.48,8019.84,2.5,9.72,15.28,0.5,23839.29,25,2787.7,10.32,4684.52,459.52,1.98,5371.03,11.71,6641.87,2.98,1.5,3,204.96,1.5,70.54,1012.9,2,19.25,60.02,0,1,0,0,0,0,0,0,0
96,LGP (BA 1-3),LGP,Cape Hallett,Cape Hallett,North Victoria Land,-72.3212,170.2282,-55.3984,-0.315437,lower,0.2,948.1,-12.38,0,321.2,5.535,4.267,4.589,143.1,7.8,20.84,-21.21,0.43,2.6,6.02,0.13,52.82,0.25,0.25,25,0.13,125,0.25,0.25,25,0.25,177.82,0.5,0.5,50,6.47,123.23,3.34,56.44,0.045,13477.82,6.65,0.5,51.31,1.81,10917.34,2.5,10.48,15.42,10.79,27530.24,25,2581.65,10.48,7151.21,502.62,1.71,3746.98,17.14,7497.98,1.5,1.5,3,243.95,1.5,98.79,1138.1,2,24.19,63,0,1,0,0,0,0,0,0,0
97,LGP-BA LV8,LGP,Luther Vale,Cape Hallett,North Victoria Land,-72.371133,169.884367,119.472,174.144,lower,0.9,398.8,-20.46,1.4,138,8.882,7.855,7.415,707.6,2.2,3.04,-22.72,0.04,0.12,3.51,0.13,253.8,0.25,0.25,25,0.13,73.67,0.25,0.25,25,0.25,327.47,0.5,0.5,50,24.92,143.25,17.75,207.51,0.085,13359.84,5.67,0.5,24.55,0.7,4349.9,2.5,14.91,34.69,2.09,26103.38,25,1842.94,21.37,11113.32,394.04,0.2,1393.64,32.7,879.13,26.04,1.5,3,231.81,1.5,35.59,1024.85,2,20.08,65.21,0,0,1,0,0,0,0,0,0
98,LI-10,LI,Livingston Island,Livingston Island,North-west Antarctic Peninsula,-62.66187,-60.394,22.7492,2.65518,lower,0,1666,-4.05,15.7,317,5.44,4.646,4.899,203,7.1,4.3,-26.69,0.35,4.97,14.29,0.13,46.02,0.25,0.25,25,0.13,2.5,4.19,0.25,25,0.25,48.52,4.44,0.5,50,58.09,53,8.63,112.17,0.07,5918,2.5,0.5,7.6,0.05,1860,2.5,6.9,11.2,11.5,10470,2.5,365.9,2.1,4694,176.4,0.1,471.3,8.1,836.4,29.4,1.5,3,157,1.5,12.2,856.4,2,25.5,48.3,0,0,0,0,0,0,1,0,0
99,LI-11,LI,Livingston Island,Livingston Island,North-west Antarctic Peninsula,-62.66989,-60.3792,280.294,260.181,lower,1,1666,-4.05,12.5,12.3,6.196,5.082,5.244,67.5,2.9,-4.73,-23.66,0.03,0.23,8.23,0.13,2.5,0.25,0.25,25,0.13,2.5,0.25,0.25,25,0.25,5,0.5,0.5,50,68.53,9.42,4.86,34.55,0.03,4803.21,2.5,0.5,8.33,0.05,1601.41,2.5,8.84,9.14,13.05,10431.73,2.5,112.35,1.41,4408.63,193.67,0.9,593.47,5.02,295.78,8.23,1.5,3,291.47,1.5,17.17,1272.09,2,28.01,15.56,0,0,0,0,0,0,1,0,0
100,LI-12,LI,Livingston Island,Livingston Island,North-west Antarctic Peninsula,-62.66989,-60.3792,280.294,260.181,lower,1,1666,-4.05,12.5,12.3,6.323,5.196,5.429,138.3,3.1,-8.18,-25.27,0.02,0.11,6.55,0.13,2.5,0.25,0.25,25,0.13,2.5,0.25,0.25,25,0.25,5,0.5,0.5,50,78.91,19.03,4.41,71.62,0.04,4450.2,2.5,0.5,6.37,0.05,1630.48,2.5,8.86,7.87,6.87,9932.27,2.5,169.02,0.05,4583.67,191.14,0.1,726.49,4.48,264.14,5.28,1.5,3,276.29,1.5,17.93,1173.31,2,26.99,13.25,0,0,0,0,0,0,1,0,0
101,LI-13,LI,Livingston Island,Livingston Island,North-west Antarctic Peninsula,-62.66989,-60.3792,280.294,260.181,lower,1,1666,-4.05,12.5,12.3,6.587,5.274,5.434,69.4,2.8,-11.69,-26.08,0.02,0.13,7.07,0.13,2.5,0.25,0.25,25,0.13,2.5,0.25,0.25,25,0.25,5,0.5,0.5,50,2.9,14.96,1.93,37.61,0.008,3927.15,2.5,0.5,6.69,0.05,1455.09,2.5,8.08,8.88,7.78,9227.54,2.5,130.34,2.79,4241.52,161.08,0.1,548,5.09,221.26,4.39,1.5,3,281.04,1.5,14.57,1082.83,2,24.95,14.27,0,0,0,0,0,0,1,0,0
102,LI-14,LI,Livingston Island,Livingston Island,North-west Antarctic Peninsula,-62.66989,-60.3792,280.294,260.181,lower,1,1666,-4.05,12.5,12.3,6.47,5.201,5.564,145.1,4.8,-4.82,-22.8,0.04,0.49,11.47,0.13,2.5,0.25,0.25,25,0.13,2.5,0.25,0.25,25,0.25,5,0.5,0.5,50,76.44,35.04,5.2,36.01,0.045,6747,2.5,0.5,11.4,0.05,1784,2.5,10.3,12.7,11.1,11770,2.5,124.9,1,4622,228.8,0.1,625.5,6.4,302.3,7.4,1.5,3,514.1,1.5,18.5,1613,2,35.3,18.2,0,0,0,0,0,0,1,0,0
103,LI-15,LI,Livingston Island,Livingston Island,North-west Antarctic Peninsula,-62.66989,-60.3792,280.294,260.181,lower,1,1666,-4.05,12.5,12.3,6.575,5.088,5.486,63.4,3.4,-4.44,-23.88,0.04,0.42,10.92,0.13,2.5,0.25,0.25,25,0.13,2.5,0.25,0.25,25,0.25,5,0.5,0.5,50,64.9,16.53,5.02,43.89,0.195,5828.31,2.5,0.5,8.43,0.05,1609.44,2.5,9.54,9.74,12.65,10913.65,2.5,102.21,0.5,4213.86,200.2,0.1,555.32,5.22,271.99,6.53,1.5,3,342.37,1.5,15.56,1477.91,2,30.92,16.67,0,0,0,0,0,0,1,0,0
104,LI-4,LI,Livingston Island,Livingston Island,North-west Antarctic Peninsula,-62.66357,-60.39202,36.4766,16.3656,lower,0.2,1666,-4.05,8.2,326.6,5.566,4.837,5.049,102.2,3.7,4.99,-24.63,0.06,0.5,9.2,0.13,2.5,0.25,0.25,25,0.13,51.55,0.25,0.25,25,0.25,54.05,0.5,0.5,50,71.6,41.14,5.3,40.27,0.04,7633.27,2.5,0.5,26.55,0.05,1901.8,2.5,9.92,12.02,12.63,13787.58,2.5,238.48,5.11,4988.98,268.14,0.2,618.84,6.91,606.01,12.22,1.5,3,325.05,1.5,20.44,1455.91,2,34.27,41.78,0,0,0,0,0,0,1,0,0
105,LI-5,LI,Livingston Island,Livingston Island,North-west Antarctic Peninsula,-62.66357,-60.39202,36.4766,16.3656,lower,0.2,1666,-4.05,8.2,326.6,5.999,4.989,5.131,103.9,2.7,4.92,-25.35,0.05,0.47,8.94,0.13,52,0.25,0.25,25,0.13,2.5,0.25,0.25,25,0.25,54.5,0.5,0.5,50,95.11,18.27,6.11,30.78,0.055,6116,2.5,0.5,18,0.05,1732,2.5,8.7,10.6,13.7,11390,2.5,177.4,3.2,4469,208.7,0.1,528.5,5.9,589.7,12.5,1.5,3,230.2,1.5,14.8,1308,2,31,30.4,0,0,0,0,0,0,1,0,0
106,LI-6,LI,Livingston Island,Livingston Island,North-west Antarctic Peninsula,-62.66357,-60.39202,36.4766,16.3656,lower,0.2,1666,-4.05,8.2,326.6,6.173,5.065,5.205,83,2.5,4.11,-25.49,0.04,0.3,7.67,0.13,2.5,0.25,0.25,25,0.13,38.48,0.25,0.25,25,0.25,40.98,0.5,0.5,50,58.27,20.47,4.38,27.94,0.03,5413.83,2.5,0.5,16.43,0.05,1645.29,2.5,8.62,8.22,13.33,10821.64,2.5,145.49,2.71,4517.03,221.64,0.1,496.99,6.71,533.27,9.32,1.5,3,259.72,1.5,17.23,1212.42,2,28.46,28.16,0,0,0,0,0,0,1,0,0
107,LI-9,LI,Livingston Island,Livingston Island,North-west Antarctic Peninsula,-62.66187,-60.394,22.7492,2.65518,lower,0,1666,-4.05,15.7,317,5.964,4.834,5.008,277.1,7,6.13,-25.06,0.2,2.43,11.98,0.13,2.5,0.25,0.25,25,0.13,2.5,0.25,0.25,25,0.25,5,0.5,0.5,50,72.33,51.71,6.21,86.86,0.05,825.25,2.5,0.5,1.11,0.01,217.27,2.5,0.85,1.55,1.55,1366.27,2.5,42.64,0.47,538.62,24.4,0.1,48.72,0.95,104.69,3.46,1.5,3,17.81,1.5,1.39,97.05,2,3.07,5.66,0,0,0,0,0,0,1,0,0
108,LV-14,LV,Luther Vale,Cape Hallett,North Victoria Land,-72.370052,169.89582,107.792,162.478,lower,0.7,398.8,-20.46,4.8,208.4,7.861,7.38,7.357,286.1,1.2,3.27,-15.68,0.03,0.12,4.14,0.13,2.5,0.25,0.25,25,0.13,2.5,0.25,0.25,25,0.25,5,0.5,0.5,50,52.07,60.66,21.02,32.83,0.195,9476.1,2.5,0.5,12.45,0.1,3570.72,2.5,9.06,22.61,18.53,19342.63,2.5,1116.53,10.96,8027.89,323.71,0.1,189.14,24.5,645.12,15.14,1.5,3,155.08,1.5,18.43,165.94,2,9.66,47.41,0,0,1,0,0,0,0,0,0
109,LV-18,LV,Luther Vale,Cape Hallett,North Victoria Land,-72.370052,169.89582,107.792,162.478,lower,0.7,398.8,-20.46,4.8,208.4,7.978,7.727,7.399,351.8,1.3,6.15,-14.37,0.06,0.51,9.06,0.13,99.86,0.25,0.25,25,0.13,45.14,0.25,0.25,25,0.25,145,0.5,0.5,50,56.97,67.46,24.84,70.75,0.215,11197.6,2.5,0.5,11.38,0.5,6184.63,2.5,10.18,32.83,11.48,23073.85,795.41,1237.52,17.66,10249.5,374.15,0.1,130.34,25.95,682.04,17.17,1.5,3,275.45,1.5,27.45,167.66,2,7.68,50.1,0,0,1,0,0,0,0,0,0
110,MD-BJA1,MD,Meyer Desert,Beardmore Glacier,Transantarctic Mountains,-85.249917,167.31457,2281.62,2316.19,upper,157.3,15,-39.16,29.6,157.1,8.183,7.155,7.702,618.9,3.1,0.47,-41.87,0.25,0.01,0.04,4.38,500.5,969.15,0.25,6172.19,9.07,66,87.11,0.25,7147.6,13.44,566.5,1056.26,0.5,13319.79,5894.5,77.47,697.75,3205.9,8.995,16570,2.5,1.3,25.9,0.4,25740,2.5,5.8,15,29.6,9424,2.5,969.4,3,3339,148.2,0.1,4679,15.5,248.7,3.1,1.5,3,212.2,1.5,59,123.5,2,19.5,18.4,0,0,0,1,0,0,0,0,0
111,MD-UN11,MD,Meyer Desert,Beardmore Glacier,Transantarctic Mountains,-85.25247,167.28073,2219.21,2253.79,upper,157.7,15,-39.16,8.2,12.3,7.86,7.293,7.65,2564.6,9.8,8.2,-23.29,0.13,0.03,0.22,13.21,838.03,487.54,0.25,3909.65,9.13,150.42,74.1,0.25,7987.14,22.34,988.45,561.63,0.5,11896.79,5766.58,94.3,992.17,2535.21,15.585,15408.37,2.5,0.5,46.41,0.8,28227.09,2.5,9.56,28.49,27.29,18217.13,2.5,1896.41,12.35,5882.47,292.93,0.1,3846.61,18.23,283.67,9.26,1.5,3,536.95,1.5,82.27,124.3,2,30.08,42.33,0,0,0,1,0,0,0,0,0
112,MD-UN6,MD,Meyer Desert,Beardmore Glacier,Transantarctic Mountains,-85.247633,167.30375,2241.53,2276.1,upper,157.2,15,-39.16,32.2,225.3,8.539,7.026,7.596,296.1,5.3,-5.69,-28.36,0.11,0.02,0.19,16.68,389.36,554.03,0.25,25,13.25,83.98,72.31,0.25,7805.3,29.92,473.34,626.34,0.5,7830.3,5781.93,69.1,851.58,1916.29,8.508,16245.02,2.5,3.78,39.54,0.5,28874.5,2.5,6.37,14.24,40.84,9990.04,2.5,1340.64,9.56,3317.73,156.57,0.1,4118.53,15.84,387.75,4.98,1.5,3,317.13,1.5,56.27,96.12,2,18.43,29.58,0,0,0,1,0,0,0,0,0
113,ME-A1-1,ME,Miers Elevationanl Transect,Miers Valley,South Victoria Land,-78.09403,163.78671,121.876,173.209,lower,9.6,58.3,-25.52,7.7,314.8,8.786,8.083,7.876,976.1,3,-9.22,-4.19,0.01,0.17,23.07,3.89,229.72,0.25,0.25,25,0.13,65.05,0.25,0.25,25,4.02,294.77,0.5,0.5,50,95.28,81.94,13.15,300.85,0.37,8135.08,2.5,0.5,40.63,0.05,9578.63,2.5,12.2,20.46,5.85,15181.45,2.5,1917.34,9.17,13316.53,215.73,0.4,2327.62,52.62,537,1.5,4.33,3,151.41,1.5,83.47,1090.73,2,31.25,27.62,0,0,1,0,0,0,0,0,0
114,ME-A2-3,ME,Miers Elevationanl Transect,Miers Valley,South Victoria Land,-78.09403,163.78671,121.876,173.209,lower,9.6,58.3,-25.52,7.7,314.8,9.854,8.147,8.062,300.6,3.1,-15.58,-1.53,0.01,0.47,39.14,9.96,2.5,0.25,0.25,25,6.78,2.5,0.25,0.25,25,16.75,5,0.5,0.5,50,59.06,52.53,5.68,265.29,0.12,10560,2.5,0.5,51.2,0.05,19280,2.5,15.7,27.8,6,19140,2.5,2503,9.6,18070,279,0.7,3109,70.3,713.3,1.5,1.5,3,189.5,1.5,136.2,1142,2,43.3,35.2,0,0,1,0,0,0,0,0,0
115,ME-B1-2,ME,Miers Elevationanl Transect,Miers Valley,South Victoria Land,-78.092,163.77771,161.497,212.832,lower,9.9,58.3,-25.52,6.2,324.8,9.231,7.897,7.79,179.6,2.1,-18.32,-2.18,0.01,0.41,41.86,0.13,2.5,0.25,0.25,25,0.13,2.5,0.25,0.25,25,0.25,5,0.5,0.5,50,69.5,42.16,10.13,171.89,0.26,12850,2.5,0.5,58.2,0.05,21520,2.5,20.4,35,11.7,23250,2.5,2507,9.3,24720,331.7,0.8,3595,99,722.2,1.5,3,3,247.9,1.5,170.4,1426,2,52,41,0,0,1,0,0,0,0,0,0
116,ME-c2-3,ME,Miers Elevationanl Transect,Miers Valley,South Victoria Land,-78.08899,163.77509,227.331,278.669,lower,10.2,58.3,-25.52,8.4,343.5,9.534,7.963,7.948,383.7,2.5,-18.56,-8.35,0.02,0.37,19.52,0.13,48.25,0.25,0.25,25,0.13,2.5,0.25,0.25,25,0.25,50.75,0.5,0.5,50,60.14,45.02,9.56,244.43,0.145,18966.2,2.5,0.5,106.76,0.05,19950.3,2.5,23.16,49.3,15.21,29542.74,2.5,7209.74,27.34,31441.35,373.26,0.89,3743.54,93.74,773.76,1.5,4.37,3,185.59,1.5,172.07,3234.59,2,80.32,59.24,0,0,1,0,0,0,0,0,0
117,ME-C3-1,ME,Miers Elevationanl Transect,Miers Valley,South Victoria Land,-78.08899,163.77509,227.331,278.669,lower,10.2,58.3,-25.52,8.4,343.5,9.617,7.866,7.881,277.9,2.9,-19.6,-7.35,0.02,0.37,21.85,4.52,2.5,0.25,0.25,25,0.13,2.5,0.25,0.25,25,4.65,5,0.5,0.5,50,52.3,53.31,6.01,283.26,0.115,13897.8,2.5,0.5,73.35,0.05,18156.31,2.5,19.94,33.47,13.43,22264.53,2.5,4147.29,14.13,23927.86,357.82,0.7,3162.32,82.97,672.34,3.41,1.5,3,170.84,1.5,141.98,1344.69,2,53.31,42.79,0,0,1,0,0,0,0,0,0
118,MF1-1,MF,Shackleton Glacier,Shackleton Glacier,Transantarctic Mountains,-84.62511667,-176.7705333,603,641,lower,13,168.8,-21.17,16.7,285.7,7.819,5.904,6.746,59.6,3.4,-6.14,-22.72,0.02,0.11,6.1,0.13,43.86,0.25,0.25,25,0.13,46.58,4.91,0.25,387.3,0.25,90.44,5.16,0.5,412.3,17.45,60.04,8.52,106.69,0.045,8364.27,2.5,0.5,32.83,0.3,3543.91,2.5,5.89,10.58,6.99,12275.45,5.79,1793.41,7.78,2093.81,231.34,0.2,303.79,7.09,295.21,6.69,1.5,3,395.11,1.5,19.86,368.16,2,20.96,22.75,0,0,0,0,0,0,0,0,1
119,MF1-6,MF,Shackleton Glacier,Shackleton Glacier,Transantarctic Mountains,-84.62653333,-176.7433667,447,485,lower,12.9,168.8,-21.17,31.2,281.7,7.852,5.932,6.776,60.8,2.4,-3.39,-33.49,0.01,0.05,4.26,0.13,2.5,0.25,0.25,25,0.13,49.5,0.25,0.25,25,0.25,52,0.5,0.5,50,13.22,49.56,9.82,90.79,0.045,8164.67,2.5,0.5,41.22,0.3,3200.6,2.5,5.69,10.38,4.19,11247.5,2.5,1665.67,7.78,2161.68,186.03,0.1,266.97,6.89,311.18,5.59,1.5,3,370.66,1.5,19.26,292.22,2,18.06,22.75,0,0,0,0,0,0,0,0,1
120,MF2-1,MF,Shackleton Glacier,Shackleton Glacier,Transantarctic Mountains,-84.6236,-176.7353,431,469,lower,12.6,168.8,-21.17,26.2,278.2,7.743,5.894,6.805,37.7,3,-2.82,-28.66,0.01,0.04,4.03,0.13,2.5,0.25,0.25,25,0.13,54.74,0.25,0.25,25,0.25,57.24,0.5,0.5,50,18.45,46.15,4.82,91.21,0.065,7638.28,2.5,0.5,34.77,0.2,3925.85,2.5,5.91,10.12,6.51,13867.74,2.5,1779.56,9.52,2351.7,185.27,0.1,500.4,6.31,614.23,5.51,1.5,3,358.52,1.5,18.54,418.24,2,28.16,25.35,0,0,0,0,0,0,0,0,1
121,MF3-1,MF,Shackleton Glacier,Shackleton Glacier,Transantarctic Mountains,-84.62266667,-176.75065,508,547,lower,12.6,168.8,-21.17,27.2,269,7.827,5.65,6.635,31.1,3.5,-2.82,-30.72,0.01,0.08,5.35,0.13,2.5,0.25,0.25,25,0.13,54.27,0.25,0.25,25,0.25,56.77,0.5,0.5,50,14.04,49.54,6.75,20.21,0.08,10159.68,2.5,0.5,54.19,0.3,3969.06,2.5,7.49,11.18,8.18,14680.64,2.5,2497.01,10.18,2979.04,234.03,0.1,292.12,8.78,446.51,5.59,1.5,3,387.82,1.5,22.46,427.74,2,28.44,31.34,0,0,0,0,0,0,0,0,1
122,MFP-A1,MFP,Mt. Falconer TP,Taylor Valley,South Victoria Land,-77.5717,163.161,548.775,600.631,lower,8.1,39,-30.23,3.7,140.3,8.413,7.405,7.144,206.9,1.6,-10.64,-16.75,0.01,0.1,8.79,0.13,56.11,0.25,0.25,25,0.13,2.5,0.25,0.25,25,0.25,58.61,0.5,0.5,50,63.82,28.83,13.45,33.03,0.39,6258.48,2.5,0.5,45.21,0.2,4067.86,2.5,5.89,11.58,0.5,10738.52,2.5,1994.01,15.57,3108.78,174.45,0.1,433.73,5.29,414.27,3.89,1.5,3,158.18,1.5,23.95,793.81,2,16.27,30.54,0,0,0,0,1,0,0,0,0
123,MFP-A2,MFP,Mt. Falconer TP,Taylor Valley,South Victoria Land,-77.5717,163.161,548.775,600.631,lower,8.1,39,-30.23,3.7,140.3,8.447,7.282,7.156,145.8,2.3,-10.93,-16.34,0.01,0.08,7.49,0.13,55.48,0.25,0.25,25,0.13,2.5,0.25,0.25,25,0.25,57.98,0.5,0.5,50,62.79,35.13,14.68,81.39,0.41,6929.86,2.5,0.5,53.71,0.4,4045.09,2.5,5.91,14.83,0.5,11773.55,2.5,2176.35,17.74,3377.76,191.78,0.1,538.48,5.71,385.07,4.71,1.5,3,158.42,1.5,25.45,984.87,2,14.43,32.57,0,0,0,0,1,0,0,0,0
124,MFP-AAA,MFP,Mt. Falconer TP,Taylor Valley,South Victoria Land,-77.574361,163.163639,585.007,636.853,lower,8,39,-30.23,12.3,189.3,8.319,7.168,7.073,86.9,1.8,-2.19,-22.31,0.03,0.26,9.37,0.13,2.5,0.25,0.25,25,0.13,2.5,0.25,0.25,25,0.25,5,0.5,0.5,50,23.25,21.43,9.12,25.46,0.18,5572,2.5,0.5,36.8,0.3,2619,2.5,5,10.1,0.5,9951,2.5,1599,16.1,2694,166.2,0.1,442.6,4.4,310.6,5.2,1.5,3,131.4,1.5,16.4,807.6,2,11.4,26.9,0,0,0,0,1,0,0,0,0
125,MFP-d,MFP,Mt. Falconer TP,Taylor Valley,South Victoria Land,-77.571733,163.161,548.983,600.839,lower,8.1,39,-30.23,3.7,142,8.503,7.416,7.424,161.7,1.8,-9.01,-17.24,0.01,0.08,7.68,0.13,48.91,0.25,0.25,25,0.13,2.5,8.51,0.25,25,0.25,51.41,8.76,0.5,50,57.26,40.84,16.07,64.26,0.355,5801.4,2.5,0.5,42.81,0.4,3339.32,2.5,4.69,11.08,0.5,10578.84,2.5,2092.81,14.57,2867.27,187.43,0.1,305.79,3.59,353.29,4.99,1.5,3,153.19,1.5,18.16,885.13,2,10.88,30.74,0,0,0,0,1,0,0,0,0
126,MFX-2,MF,Shackleton Glacier,Shackleton Glacier,Transantarctic Mountains,-84.62411667,-176.7085,295,333,lower,12.4,168.8,-21.17,20,294.5,7.975,6.225,6.995,77.5,3.6,0.11,-28.81,0.02,0.16,7.12,2.27,2.5,0.25,0.25,25,0.13,2.5,0.25,4.23,25,2.4,5,0.5,4.48,50,15.6,62.5,8.27,27.33,0.045,13336.65,2.5,0.5,60.06,0.5,6019.92,2.5,7.27,14.84,9.66,15956.18,2.5,2341.63,9.26,3316.73,249.5,0.1,515.24,10.56,367.73,6.87,1.5,3,555.68,1.5,36.75,446.02,2,28.49,34.26,0,0,0,0,0,0,0,0,1
127,MK-A6,MK,Mount Kyffin,Beardmore Glacier,Transantarctic Mountains,-83.7607,172.751317,458.696,500.008,lower,7.1,175.6,-23.17,34.1,10.9,7.974,7.24,7.811,5421.7,9,1.02,-7.04,0.03,0.28,8.35,0.13,2.5,0.25,0.25,25,0.13,2.5,0.25,0.25,25,0.25,5,0.5,0.5,50,78.2,52.94,3.85,19.24,0.235,29688.13,2.5,0.5,44.16,1.51,15201.21,2.5,15.39,49.7,10.66,31257.55,2.5,11317.91,46.18,16338.03,408.55,0.1,442.76,28.47,545.98,14.69,1.5,3,262.27,1.5,147.89,1034.21,2,41.35,89.64,0,0,0,0,0,0,0,1,0
128,MK-KYBjA6,MK,Mount Kyffin,Beardmore Glacier,Transantarctic Mountains,-83.759966,172.768667,571.887,613.212,lower,6.9,175.6,-23.17,26.6,35.3,6.835,6.321,6.852,19415.9,9.9,-1.53,-5.55,0.04,0.38,11.13,0.13,2.5,0.25,0.25,25,0.13,2.5,0.25,0.25,25,0.25,5,0.5,0.5,50,64.55,105.77,3.43,17.42,0.19,31057.88,2.5,0.5,48.7,1.5,12225.55,2.5,16.57,57.88,3.69,34421.16,2.5,12634.73,49.8,17994.01,421.26,0.1,412.28,31.14,664.27,14.57,1.5,3,266.47,1.5,132.93,1208.58,2,43.21,96.31,0,0,0,0,0,0,0,1,0
129,MK-UN8,MK,Mount Kyffin,Beardmore Glacier,Transantarctic Mountains,-83.7607,172.751317,458.696,500.008,lower,7.1,175.6,-23.17,34.1,10.9,7.031,6.703,7.054,19185.9,14.4,-1.12,-1.3,0.03,0.45,17.76,0.13,2.5,0.25,0.25,25,0.13,2.5,0.25,0.25,25,0.25,5,0.5,0.5,50,86.91,42.01,4.39,25.21,0.285,30744.05,2.5,15.97,75.69,1.79,23303.57,2.5,14.19,57.64,11.11,30605.16,59.52,12351.19,36.21,15367.06,543.06,0.1,754.76,26.79,773.02,12.4,1.5,3,325.89,1.5,193.85,1192.46,2,60.42,81.94,0,0,0,0,0,0,0,1,0
130,MS-11,MS,Mt. Seuss Refugia,Mount Seuss,South Victoria Land,-77.03,161.71,723.282,776.336,lower,10.3,29.8,-30.75,35.4,198.2,7.683,5.683,6.47,36,1.7,-13.09,-29.98,0.01,0.03,4.66,0.13,40.43,0.25,0.25,25,0.13,2.5,0.25,0.25,25,0.25,42.93,0.5,0.5,50,9.5,67.75,1.95,13.97,0.018,2161.03,2.5,0.5,7.85,0.2,1244.53,2.5,1.19,0.5,2.88,2750.5,2.5,679.92,5.96,469.38,46.82,0.1,119.18,1.39,143.24,3.38,1.5,3,216.7,1.5,6.86,29.82,2,5.96,5.86,0,0,0,0,1,0,0,0,0
131,MS-12,MS,Mt. Seuss Refugia,Mount Seuss,South Victoria Land,-77.03,161.71,723.282,776.336,lower,10.3,29.8,-30.75,35.4,198.2,6.366,4.557,5.13,17.6,1.5,-9.39,-24.71,0.01,0.06,5.62,0.13,48.16,0.25,0.25,25,0.13,45.28,0.25,0.25,25,0.25,93.45,0.5,0.5,50,6.43,116.36,1.93,10.72,0.012,2500,2.5,0.5,8.05,0.1,1161.97,2.5,1.61,3.22,3.72,3511.07,2.5,588.13,5.84,667.71,55.43,0.2,143.66,1.71,113.18,3.12,1.5,3,229.58,1.5,5.63,61.87,2,5.94,8.65,0,0,0,0,1,0,0,0,0
132,MS-5,MS,Mt. Seuss Refugia,Mount Seuss,South Victoria Land,-77.03,161.71,723.282,776.336,lower,10.3,29.8,-30.75,35.4,198.2,7.77,6.122,6.838,30.8,5,-3.78,-30.52,0.01,0.05,5.1,0.13,62.9,0.25,0.25,25,0.13,2.5,0.25,0.25,25,0.25,65.4,0.5,0.5,50,15.3,96.98,3.18,13.79,0.023,2479,2.5,0.5,8.1,0.1,1546,2.5,1.6,3,1.4,3677,2.5,522.5,6.3,647.4,63.5,0.2,133.1,2.1,184.1,1.5,1.5,3,208,1.5,8,30.6,2,8.9,7.1,0,0,0,0,1,0,0,0,0
133,MS-7,MS,Mt. Seuss Refugia,Mount Seuss,South Victoria Land,-77.03,161.71,723.282,776.336,lower,10.3,29.8,-30.75,35.4,198.2,8.161,6.418,7.009,46.8,5.2,13.31,-30.25,0.01,0.04,4.24,0.13,100.07,0.25,0.25,25,0.13,2.5,0.25,0.25,25,0.25,102.57,0.5,0.5,50,8.69,57.77,2.02,19.34,0.013,2383.23,2.5,0.5,7.98,0.1,1249.5,2.5,1.1,2.3,3.59,3099.8,2.5,580.54,4.99,506.29,51.9,0.3,143.11,1.5,111.28,4.89,1.5,3,266.67,1.5,6.29,37.92,2,4.29,6.09,0,0,0,0,1,0,0,0,0
134,MSP1-1,MSP,Shackleton Glacier,Shackleton Glacier,Transantarctic Mountains,-84.48301667,-176.51275,272,312,lower,2.6,168.8,-21.17,24.3,273,9.759,4.892,6.112,76.7,0.5,-4.67,-31.32,0.01,0.04,5.05,0.13,2.5,0.25,0.25,25,0.13,51.57,0.25,0.25,25,0.25,54.07,0.5,0.5,50,4.37,18.79,1.63,4.01,0.02,4399.4,2.5,0.5,30.38,0.1,974.7,2.5,2.99,5.48,0.5,9752.99,2.5,2241.04,25.1,1763.94,257.47,0.1,84.76,1.2,212.85,5.98,1.5,3,206.18,1.5,2.49,370.92,2,11.75,27.99,0,0,0,0,1,0,0,0,0
135,MSP1-4,MSP,Shackleton Glacier,Shackleton Glacier,Transantarctic Mountains,-84.48296667,-176.4805333,135,175,lower,2.3,168.8,-21.17,15.7,267,9.127,4.934,6.193,17.7,0.7,-3.91,-29.3,0.02,0.05,3.36,0.13,2.5,0.25,0.25,25,0.13,2.5,0.25,0.25,25,0.25,5,0.5,0.5,50,6.56,19.75,2.29,4.13,0.03,4450.1,11.18,72.85,22.46,1.3,1138.72,2.5,4.19,8.68,0.5,10608.78,110.88,1929.14,26.65,1872.26,254.99,0.7,65.27,2.69,236.83,10.18,1.5,3,203.09,1.5,3.19,363.97,2,14.67,29.54,0,0,0,0,1,0,0,0,0
136,MSP2-1,MSP,Shackleton Glacier,Shackleton Glacier,Transantarctic Mountains,-84.48188333,-176.5069667,239,279,lower,2.4,168.8,-21.17,23.4,266.5,8.753,4.999,6.089,23,1,-10.1,-32.75,0.01,0.04,3.85,0.13,2.5,0.25,0.25,25,0.13,2.5,0.25,0.25,25,0.25,5,0.5,0.5,50,5.8,36.6,2.36,8.17,0.02,4885.46,2.5,6.67,25,0.2,1073.71,2.5,3.49,7.67,0.5,11235.06,40.34,1992.03,29.18,1901.39,277.89,0.5,64.14,1.79,231.97,8.76,1.5,3,206.57,1.5,3.09,399.8,2,13.75,32.47,0,0,0,0,1,0,0,0,0
137,MSP3-1,MSP,Shackleton Glacier,Shackleton Glacier,Transantarctic Mountains,-84.48191667,-176.4879,156,196,lower,2.3,168.8,-21.17,21.6,253.7,7.536,5.035,5.73,365.7,0.7,-4.07,-29.16,0.03,0.22,8.06,0.13,2.5,0.25,0.25,25,0.13,2.5,0.25,0.25,25,0.25,5,0.5,0.5,50,6.22,34.41,3.12,31.31,0.02,2794.41,2.5,0.5,12.08,0.2,752.3,2.5,1.9,3.69,0.5,6229.54,22.75,1189.62,17.96,1100.8,164.27,0.1,48.2,0.5,151.4,6.99,1.5,3,192.61,1.5,1.1,224.75,2,6.79,17.07,0,0,0,0,1,0,0,0,0
138,MSP3-4,MSP,Shackleton Glacier,Shackleton Glacier,Transantarctic Mountains,-84.48018333,-176.4880833,140,180,lower,2.2,168.8,-21.17,19.4,253,6.659,4.909,5.385,113.3,0.8,-4.79,-29.67,0.03,0.24,9.74,0.13,2.5,0.25,0.25,25,0.13,39.1,11.75,0.25,25,0.25,41.6,12,0.5,50,40.24,57.48,8.19,13.24,0.085,3546.91,2.5,0.5,17.07,0.1,1127.74,2.5,2.69,5.39,0.5,8611.78,14.67,1530.94,21.66,1440.12,204.99,0.2,57.78,1.8,305.49,6.59,1.5,3,187.62,1.5,1.8,258.88,2,8.48,24.65,0,0,0,0,1,0,0,0,0
139,MW2-1,MW,Shackleton Glacier,Shackleton Glacier,Transantarctic Mountains,-84.55958333,-176.8112167,270,309,lower,9.4,168.8,-21.17,16.9,290.8,6.824,4.495,5.609,70.8,4.1,-1.21,-25.74,0.02,0.09,5.96,0.13,2.5,0.25,0.25,25,0.13,2.5,0.25,0.25,25,0.25,5,0.5,0.5,50,10.08,14.03,2.06,12.35,0.02,9628.26,2.5,0.5,45.29,0.2,3827.66,2.5,7.52,12.53,0.5,16282.57,9.22,2800.6,12.32,4350.7,277.25,0.1,182.97,4.21,361.62,3.61,1.5,3,321.24,1.5,20.34,871.54,2,25.65,35.57,0,0,0,0,0,0,0,0,1
140,NP1-1,NP,Shackleton Glacier,Shackleton Glacier,Transantarctic Mountains,-84.53455,-175.4222333,628,668,lower,2.4,139.9,-21.73,30.6,171.5,7.8,6.312,6.841,90.6,2.9,-10.99,-35.84,0.02,0.07,4.15,6.08,74.37,0.25,0.25,25,0.13,2.5,0.25,0.25,25,6.2,76.87,0.5,0.5,50,13.97,43.41,2.57,23.37,0.025,6348.3,6.59,0.5,18.36,0.4,1280.44,2.5,5.49,9.88,17.17,13832.34,2.5,1327.35,8.08,2049.9,813.37,0.2,3539.92,3.09,1216.57,147.6,1.5,3,220.86,1.5,6.49,255.49,2,13.57,215.57,0,0,0,0,0,0,0,0,1
141,NP2-1,NP,Shackleton Glacier,Shackleton Glacier,Transantarctic Mountains,-84.53481667,-175.4262,632,672,lower,2.4,139.9,-21.73,8.3,132.3,8.156,6.634,7.124,75.7,2,-6.23,-31.61,0.01,0.04,3.57,0.13,60.95,0.25,0.25,25,0.13,2.5,0.25,0.25,25,0.25,63.45,0.5,0.5,50,21.2,63.98,1.82,22.65,0.03,6538.08,5.11,0.5,45.59,0.5,1919.84,2.5,5.41,9.72,3.11,13827.66,2.5,1711.42,10.72,2765.53,2173.35,0.2,117.33,4.01,328.46,70.74,1.5,3,258.62,1.5,13.93,337.88,2,11.72,202.61,0,0,0,0,0,0,0,0,1
142,NP3-1,NP,Shackleton Glacier,Shackleton Glacier,Transantarctic Mountains,-84.5346,-175.4231667,629,668,lower,2.4,139.9,-21.73,17.9,164,6.951,5.154,5.965,72.1,1.4,-9.44,-32.85,0.01,0.06,4.3,0.13,42.78,0.25,0.25,25,0.13,2.5,0.25,0.25,25,0.25,45.28,0.5,0.5,50,9.75,13.97,1.79,9.86,0.02,5867.27,6.99,0.5,21.36,0.3,1155.69,2.5,5.79,8.58,30.84,13612.77,2.5,1401.2,9.28,2461.08,734.43,0.5,88.92,3.79,313.77,63.97,1.5,3,184.03,1.5,7.19,318.26,2,13.17,223.15,0,0,0,0,0,0,0,0,1
143,NP3-4,NP,Shackleton Glacier,Shackleton Glacier,Transantarctic Mountains,-84.53441667,-175.4166,622,661,lower,2.4,139.9,-21.73,23.6,169.1,7.715,6.773,7.002,170.6,1.1,-10.48,-29.7,0.03,0.21,7.06,0.13,2.5,0.25,0.25,25,0.13,2.5,0.25,0.25,25,0.25,5,0.5,0.5,50,44.18,27.15,7.47,19.1,0.05,4149.4,5.48,0.5,24.6,0.2,1159.36,2.5,3.98,7.87,0.5,13266.93,2.5,1424.3,6.18,1668.33,500.2,0.1,233.76,2.09,311.35,66.53,1.5,3,209.26,1.5,8.86,232.27,2,10.56,116.43,0,0,0,0,0,0,0,0,1
144,NP4-5,NP,Shackleton Glacier,Shackleton Glacier,Transantarctic Mountains,-84.53315,-175.3152333,85,125,lower,3.1,139.9,-21.73,6.5,245.2,8.889,7.83,7.63,57.5,0.6,-6.91,-25.16,0,0.02,5.64,0.13,2.5,0.25,0.25,25,0.13,2.5,0.25,0.25,25,0.25,5,0.5,0.5,50,19.35,24.06,1.67,7.09,0.04,578.56,13.73,74.85,14.03,1.2,733.67,2.5,0.5,2.4,0.5,691.88,108.72,213.23,4.41,134.87,181.56,0.9,41.48,0.5,136.27,8.32,1.5,3,192.59,1.5,3.51,43.29,2,4.01,12.12,0,0,0,0,0,0,0,0,1
145,ON-10,OR,Onyx River,Lower Wright Valley,South Victoria Land,-77.46795,162.42593,192.945,244.839,lower,27.8,39,-30.23,1.1,308.2,9,8.583,7.951,181.4,1.5,-13.24,-18.41,0.01,0.03,4.61,0.13,51.18,0.25,0.25,25,0.13,75.53,0.25,0.25,25,0.25,126.71,0.5,0.5,50,23.96,154.58,8.57,52.97,0.14,7138.1,2.5,0.5,12.1,0.5,4763.1,2.5,4.74,9.58,4.33,9354.84,2.5,750.71,6.45,2630.04,101.51,0.4,660.58,7.96,263.51,1.5,1.5,3,128.43,1.5,14.52,347.88,2,30.75,12.4,0,0,1,0,0,0,0,0,0
146,OR-4,OR,Onyx River,Lower Wright Valley,South Victoria Land,-77.5246,161.8972,93.344,144.931,lower,38.4,37,-31.26,1.2,352.6,8.104,8.017,7.968,5467.4,2,-13.58,-14.53,0.02,0.03,1.77,0.13,1707.84,99.45,0.25,4073.1,3.82,232.92,6.36,0.25,2056.23,3.95,1940.75,105.81,0.5,6129.33,2856.55,205.28,288.43,793.84,8.862,10170.34,2.5,0.5,13.03,0.5,9900.8,2.5,6.31,12.22,16.93,11162.32,2.5,959.62,4.81,4319.64,105.31,0.1,1776.55,13.03,229.26,1.5,1.5,3,121.94,1.5,29.66,302.61,2,33.67,12.42,0,0,1,0,0,0,0,0,0
147,OR-8,OR,Onyx River,Lower Wright Valley,South Victoria Land,-77.51402,162.13828,118.896,170.582,lower,32.9,37,-31.26,0.7,333.9,8.76,8.668,8.1,568.8,1.2,-14.18,-12.78,0.01,0.04,5.68,0.13,277.28,4.48,0.25,25,0.13,2.5,0.25,0.25,25,0.25,279.78,4.73,0.5,50,85.54,74.49,38.46,128.21,0.51,5525.84,2.5,0.5,13.92,5.96,4008.95,2.5,5.27,11.23,6.76,10646.12,2.5,651.89,5.86,2528.83,95.13,0.4,718.09,8.05,265.81,1.5,1.5,3,104.47,1.5,12.72,282.6,2,57.85,12.43,0,0,1,0,0,0,0,0,0
148,RM1-1,RM,Shackleton Glacier,Shackleton Glacier,Transantarctic Mountains,-85.4909,-177.1771667,1759,1792,upper,104.2,49.3,-36.99,12.7,222.4,6.172,7.491,7.706,9627,6.1,-2.44,-30.31,0.01,0.02,1.83,18.56,39.41,0.25,0.25,9172.64,0.13,2.5,0.25,0.25,25,18.69,41.91,0.5,0.5,9197.64,3702.13,98.93,139.07,2566.95,5.625,14651.39,2.5,12.35,29.08,0.8,10816.73,2.5,9.26,14.94,25.9,17001.99,37.75,1644.42,14.94,3783.86,245.12,0.9,4026.89,13.05,325.7,6.77,1.5,3,642.03,1.5,55.08,388.05,2,42.63,35.56,0,0,1,0,0,0,0,0,0
149,RM1-8,RM,Shackleton Glacier,Shackleton Glacier,Transantarctic Mountains,-85.48678333,-177.0993667,1690,1723,middle,103.7,49.3,-36.99,3.2,179.3,7.538,5.585,7.051,674.5,6,0.47,-39.12,0.01,0.01,1.4,31.44,118.16,348.48,0.25,25,0.13,2.5,0.25,0.25,25,31.57,120.66,348.73,0.5,50,5.9,10.53,1.91,193.71,0.015,13013.97,2.5,0.5,23.95,0.7,5624.75,2.5,8.68,15.87,23.95,16257.49,21.66,1206.59,16.37,3232.53,256.49,0.7,1221.56,13.27,323.05,7.39,1.5,3,604.39,1.5,37.13,267.27,2,28.94,33.43,0,0,1,0,0,0,0,0,0
150,RM2-1,RM,Shackleton Glacier,Shackleton Glacier,Transantarctic Mountains,-85.48788333,-177.1844,1727,1760,upper,103.9,49.3,-36.99,16.2,260.5,8.389,7.44,8.48,4176.3,5.9,-5.24,-20.24,0.05,0.02,0.37,13.61,2.5,0.25,0.25,25,0.13,2.5,0.25,0.25,25,13.74,5,0.5,0.5,50,2780,120.91,307.4,19240,5.84,10399.2,2.5,2.69,21.66,0.4,8333.33,2.5,8.08,12.18,33.63,15000,13.67,1201.6,10.28,3698.6,194.81,0.4,16806.39,11.08,360.88,5.29,1.5,3,341.32,1.5,45.01,282.04,2,48.7,23.55,0,0,1,0,0,0,0,0,0
151,RM3-1,RM,Shackleton Glacier,Shackleton Glacier,Transantarctic Mountains,-85.4869,-177.20715,1739,1772,upper,103.8,49.3,-36.99,14.2,276.7,8.163,7.58,8.046,4485.3,4.8,-1.45,-15.06,0.02,0.02,1.37,11.88,67.32,26.69,0.25,3911.84,0.13,2.5,0.25,0.25,25,12,69.82,26.94,0.5,3936.84,936.91,58.52,90.26,1018.18,1.878,14148.3,6.31,11.82,23.35,0.8,7292.59,2.5,10.52,14.03,28.36,17134.27,49.1,1491.98,4.81,4058.12,236.57,0.7,2090.18,13.83,350.5,7.41,1.5,3,527.66,1.5,44.69,325.25,2,52.91,30.96,0,0,1,0,0,0,0,0,0
152,RM3-8,RM,Shackleton Glacier,Shackleton Glacier,Transantarctic Mountains,-85.48116667,-177.1326333,1644,1676,middle,103.1,49.3,-36.99,7.3,195.4,7.875,7.331,7.756,3827.4,9.8,3.09,-11.12,0.02,0.03,1.87,9.85,105.19,20.81,0.25,5917.8,0.13,2.5,0.25,0.25,25,9.97,107.69,21.06,0.5,5942.8,3978,34.87,219.95,504.45,4.18,17107.36,2.5,2.09,37.97,0.8,12167,2.5,9.84,15.61,10.34,17167,31.61,1826.04,6.06,4145.13,291.85,0.4,1577.53,14.91,303.18,8.85,1.5,3,479.32,1.5,59.15,302.88,2,34.89,37.87,0,0,1,0,0,0,0,0,0
153,SH1-1,SH,Shackleton Glacier,Shackleton Glacier,Transantarctic Mountains,-85.35655,-175.1108,2095,2129,upper,89,41.6,-36.24,5.6,28.3,4.658,4.134,4.654,20285,10.2,-4.11,-24.24,0.09,0.11,1.22,25.95,2.5,483.15,0.25,18865.5,0.13,2.5,0.25,0.25,25,26.08,5,483.4,0.5,18890.5,4733.19,175.97,2542.61,4468.04,86.39,10130.78,5.23,0.5,37.73,1.11,14778.67,2.5,8.15,12.78,0.5,14517.1,22.64,1708.25,5.23,4638.83,289.34,0.6,4541.25,10.26,215.19,18.61,1.5,3,458.55,1.5,213.68,115.49,2,16.7,43.96,0,0,0,0,0,0,0,1,0
154,SH1-6,SH,Shackleton Glacier,Shackleton Glacier,Transantarctic Mountains,-85.35123333,-175.1727333,2008,2042,upper,88.4,41.6,-36.24,0.7,129.1,5.369,4.382,5.272,4581.7,6.8,-1.12,-24.41,0.1,0.56,5.79,0.13,76.64,511.77,0.25,3344.81,0.13,2.5,0.25,0.25,25,0.25,79.14,512.02,0.5,3369.81,854.69,75.13,310.37,1213.4,3.726,10428.29,5.18,0.5,43.13,0.5,5037.85,2.5,9.26,12.35,6.77,15029.88,17.23,1431.27,0.7,3219.12,349.9,0.8,1875.5,12.05,267.53,19.52,1.5,3,255.18,1.5,36.95,67.13,2,20.32,42.33,0,0,0,0,0,0,0,1,0
155,SH2-1,SH,Shackleton Glacier,Shackleton Glacier,Transantarctic Mountains,-85.35905,-175.0787333,2083,2116,upper,89,41.6,-36.24,9.4,100.7,4.479,3.71,4.481,7882.5,7.5,0.36,-24.48,0.08,0.64,8.04,11.62,2.5,245.67,0.25,9367.25,0.13,2.5,0.25,0.25,25,11.74,5,245.92,0.5,9392.25,2951,53.87,1127.4,1059.6,14.92,12151.39,7.07,0.5,41.83,0.8,6567.73,2.5,9.46,16.63,0.5,17350.6,12.05,1784.86,2.59,4223.11,315.04,1,1665.34,13.15,264.54,18.73,3.98,3,564.14,1.5,61.35,195.72,2,22.31,52.79,0,0,0,0,0,0,0,1,0
156,SH3-2,SH,Shackleton Glacier,Shackleton Glacier,Transantarctic Mountains,-85.3597,-175.0693,2092,2125,upper,89,41.6,-36.24,13.7,50.6,4.279,3.63,4.245,23742.7,8.8,-3.09,-25.09,0.21,0.17,0.84,25.65,2.5,1532.38,0.25,18232.99,0.13,2.5,0.25,0.25,25,25.78,5,1532.63,0.5,18257.99,4981.68,74.46,4789.81,5060.13,24.918,12249,2.5,0.5,38.86,1,8522.09,2.5,9.04,14.66,0.5,18995.98,10.04,1898.59,4.12,7722.89,338.76,0.8,5236.95,13.86,372.49,18.67,1.5,3,967.07,1.5,78.61,144.58,2,25.6,60.24,0,0,0,0,0,0,0,1,0
157,SH3-8,SH,Shackleton Glacier,Shackleton Glacier,Transantarctic Mountains,-85.35691667,-175.1621,2013,2046,upper,89,41.6,-36.24,3.1,327.8,6.507,5.82,6.446,13652,6.5,-3.76,-24.54,0.16,0.16,1.01,0.13,37.5,1021.63,0.25,8336.96,0.13,2.5,0.25,0.25,25,0.25,40,1021.88,0.5,8361.96,3336.16,96.62,1547.45,2697.85,35.65,10268.39,2.5,0.5,41.05,0.5,6928.43,2.5,8.85,11.73,9.84,13121.27,8.15,1488.07,0.05,4012.92,269.98,0.5,2998.01,11.93,276.54,17.79,1.5,3,325.75,1.5,66.4,60.93,2,29.72,31.91,0,0,1,0,0,0,0,0,0
158,TGV1-1,TGV,Shackleton Glacier,Shackleton Glacier,Transantarctic Mountains,-84.92033333,-176.9902,1180,1216,middle,42.9,87.9,-30.55,22.5,180.4,7.444,7.03,7.47,12663.7,7.2,12.67,-30.6,0.1,0.05,0.49,23.73,2559.82,703.42,0.25,8272.72,21.31,165.26,27.53,0.25,8668.98,45.04,2725.08,730.95,0.5,16941.69,5431.12,124.38,1232.42,2447.28,25.787,20863.45,2.5,0.5,42.07,0.8,12319.28,2.5,10.24,20.38,13.65,20602.41,6.33,3011.04,1.31,6565.26,369.68,0.6,2730.92,18.67,286.45,15.66,4.92,3,470.38,1.5,69.58,138.35,2,29.92,57.23,0,0,0,0,1,0,0,0,0
159,TGV1-8,TGV,Shackleton Glacier,Shackleton Glacier,Transantarctic Mountains,-84.91536667,-176.8791333,870,907,middle,42.1,87.9,-30.55,11.7,205.7,7.643,5.922,6.839,110.9,3.7,5.07,-20.8,0.02,0.11,5.48,0.13,39.93,0.25,0.25,25,0.13,44.04,0.25,0.25,25,0.25,83.97,0.5,0.5,50,14.79,26.53,7.8,16.52,0.035,9551.59,2.5,0.5,23.61,0.4,4371.03,2.5,9.23,13.59,6.45,14781.75,2.5,998.02,0.05,3669.64,306.65,0.1,454.27,15.28,272.22,10.81,1.5,3,239.09,1.5,19.25,204.66,2,16.37,36.71,0,0,1,0,0,0,0,0,0
160,TGV2-1,TGV,Shackleton Glacier,Shackleton Glacier,Transantarctic Mountains,-84.91903333,-177.06025,1064,1101,middle,42.9,87.9,-30.55,19.4,170.7,7.335,6.032,6.918,777.8,2.4,4.85,-27.01,0.03,0.27,10.99,3.53,109.68,16.63,0.25,25,0.13,46.54,0.25,0.25,25,3.66,156.21,16.88,0.5,50,13.46,36.19,8.29,146.98,0.06,10672.69,5.02,0.5,26.81,0.5,5714.86,2.5,9.24,16.06,1.61,14538.15,2.5,1080.32,0.05,3415.66,319.58,0.5,765.56,14.76,297.29,11.35,3.51,3,388.76,1.5,27.01,348.09,2,20.68,37.95,0,0,1,0,0,0,0,0,0
161,TGV3-1,TGV,Shackleton Glacier,Shackleton Glacier,Transantarctic Mountains,-84.90956667,-177.0217333,1202,1238,middle,41.8,87.9,-30.55,10.7,356,7.887,7.538,7.849,6886.8,3.8,14.11,-28.56,0.03,0.03,0.74,0.13,2.5,0.25,0.25,25,16.28,2.5,10.4,0.25,7886.63,16.41,5,10.65,0.5,7911.63,5176.23,52.06,1037.65,544.08,76.026,7233.47,2.5,2.81,21.94,0.3,20350.7,2.5,7.01,13.73,0.5,10230.46,2.5,1256.51,0.05,4739.48,154.01,0.3,796.29,12.42,286.97,8.22,1.5,3,263.53,1.5,208.42,206.31,2,11.02,32.16,0,0,0,0,1,0,0,0,0
162,TGV3-9,TGV,Shackleton Glacier,Shackleton Glacier,Transantarctic Mountains,-84.91368333,-176.8831667,870,906,middle,41.9,87.9,-30.55,2.3,299.3,7.966,6.796,7.449,593.5,3.2,5.06,-24.09,0.02,0.16,7.78,0.13,2.5,0.25,0.25,25,0.13,2.5,9.02,0.25,25,0.25,5,9.27,0.5,50,16.65,11.6,10.11,85.54,0.085,9697.6,10.88,94.41,22.36,1.6,4388.22,2.5,9.08,17.47,12.48,15169.66,121.46,902.69,14.47,3693.61,241.22,0.7,677.15,15.77,313.67,8.68,1.5,3,202,1.5,22.06,200.9,2,32.73,32.04,0,0,1,0,0,0,0,0,0
163,TN1-1,TN,Shackleton Glacier,Shackleton Glacier,Transantarctic Mountains,-84.92571667,-176.0692333,1088,1125,middle,42,87.9,-30.55,8.1,136.1,6.912,6.317,7.041,24488.1,9.9,1.98,-22.46,0.16,0.02,0.13,2.21,5783.31,1629.94,0.25,8341.86,4.81,282.89,80.22,0.25,7856.24,7.02,6066.2,1710.16,0.5,16198.1,6335.22,59.01,1205.3,3822.5,21.229,28618.29,2.5,22.37,30.12,1.19,18896.62,2.5,11.63,24.55,16.8,24065.61,43.34,3821.07,18.19,9053.68,626.54,0.5,6207.75,16.8,326.44,15.71,1.5,3,847.42,1.5,78.53,212.33,4.08,34.29,77.34,0,0,0,0,0,0,0,0,1
164,TN1-8,TN,Shackleton Glacier,Shackleton Glacier,Transantarctic Mountains,-84.91481667,-176.1509167,837,874,middle,40.9,87.9,-30.55,10.6,204.5,7.6,6.899,7.334,1571.3,8.8,0.91,2.11,0.02,0.15,7.88,5.91,181.6,0.25,0.25,414.21,2.39,43.49,0.25,0.25,25,8.3,225.1,0.5,0.5,439.21,57.54,18.36,18.07,229.12,0.2,21750,5.7,2.8,52.8,1,13110,2.5,12.1,19.6,10.5,24300,22.9,2908,16.5,5663,970,0.5,1744,14.4,437,20.2,1.5,3,952.3,1.5,46,289.3,2,32.9,81.1,0,0,0,0,0,0,0,0,1
165,TN2-1,TN,Shackleton Glacier,Shackleton Glacier,Transantarctic Mountains,-84.92381667,-176.0987667,982,1019,middle,41.8,87.9,-30.55,10.7,166.3,7.526,6.65,7.359,1333,9.3,3.98,-17.12,0.02,0.06,2.68,4.43,273.11,17.67,0.25,25,0.13,47.66,0.25,0.25,25,4.56,320.77,17.92,0.5,50,329.71,46.89,33.32,115.37,0.535,24698.8,5.12,0.5,63.96,1.31,9393.57,2.5,12.25,27.71,18.17,25742.97,14.76,3236.95,15.06,7041.16,724.9,0.1,1281.12,17.77,385.34,19.28,1.5,3,555.12,1.5,71.59,310.24,2,36.04,86.85,0,0,0,0,0,0,0,0,1
166,TN3-1,TN,Shackleton Glacier,Shackleton Glacier,Transantarctic Mountains,-84.92271667,-176.1242333,1050,1087,middle,41.7,87.9,-30.55,21.7,232.1,7.411,6.678,7.244,1396.8,12.2,3.18,1.7,0.03,0.37,12.03,9.05,77.45,18.31,0.25,1082.55,16.72,37.88,18.61,9.14,25,25.77,115.33,36.92,9.39,1107.55,150.4,40.9,18.84,257.89,0.205,23740,2.5,0.5,89.2,1.3,18370,2.5,12.1,21.6,18.9,24910,8.7,3381,15,5737,1010,0.3,874.6,15.8,404.5,16.3,1.5,3,1077,1.5,58.1,164.3,2,34.6,90.4,0,0,0,0,0,0,0,0,1
167,TN3-5,TN,Shackleton Glacier,Shackleton Glacier,Transantarctic Mountains,-84.9182,-176.1281667,893,929,middle,41.2,87.9,-30.55,25.8,235.6,7.685,6.749,7.201,838.1,10,3.32,5.16,0.03,0.61,23.64,8.46,130.51,9.33,0.25,25,2.75,2.5,0.25,0.25,25,11.2,133.01,9.58,0.5,50,81.72,39.41,28.1,218.07,0.19,26255.02,5.12,0.5,80.52,1.41,22309.24,2.5,11.95,25.9,14.56,26937.75,6.12,3760.04,15.86,7229.92,995.28,0.1,1232.93,15.76,408.43,18.98,1.5,3,995.68,1.5,74.9,186.65,2,34.24,104.22,0,0,0,0,0,0,0,0,1
168,VV-0,VV,Virginia Valley,Virginia Valley,South Victoria Land,-77.4934,160.85305,1490.72,1542.29,middle,62.6,37,-31.26,9.6,151.6,8.792,7.664,6.852,38.9,1,-14.83,-31.92,0.01,0.03,4.21,0.13,2.5,0.25,0.25,25,0.13,2.5,0.25,0.25,25,0.25,5,0.5,0.5,50,9.09,36.18,2.89,9.5,0.025,750.69,2.5,0.5,0.5,0.5,158.33,2.5,0.5,1.29,0.5,979.17,2.5,102.28,0.05,204.96,14.58,0.1,176.98,0.5,58.83,1.5,1.5,3,228.47,1.5,1.69,19.94,2,0.5,0.25,0,0,1,0,0,0,0,0,0
169,VV-d,VV,Virginia Valley,Virginia Valley,South Victoria Land,-77.4934,160.85305,1490.72,1542.29,middle,62.6,37,-31.26,9.6,151.6,8.67,7.507,6.972,52.5,0.9,-8.53,-35.99,0.01,0.02,3.17,6.33,2.5,0.25,0.25,25,0.13,110.08,0.25,0.25,25,6.46,112.58,0.5,0.5,50,8.69,132.97,4.4,23.81,0.03,985.89,2.5,0.5,1.01,0.5,289.82,2.5,0.5,1.01,0.5,1320.56,2.5,131.45,0.05,247.68,23.79,0.3,60.18,1.31,14.01,1.5,1.5,3,272.28,1.5,2.82,16.53,2,3.13,0.25,0,0,1,0,0,0,0,0,0
170,VV-J,VV,Virginia Valley,Virginia Valley,South Victoria Land,-77.4934,160.85305,1490.72,1542.29,middle,62.6,37,-31.26,9.6,151.6,8.328,6.14,6.303,46.8,0.9,-14.04,-32.36,0.01,0.03,4.04,2.09,2.5,0.25,0.25,25,0.13,121.11,0.25,0.25,25,2.21,123.61,0.5,0.5,50,6.37,145.03,2.04,11.89,0.015,1395.79,2.5,0.5,0.5,0.5,320.04,2.5,1.2,2.4,0.5,1889.78,2.5,134.37,0.05,687.47,41.38,0.1,64.73,2.1,23.35,1.5,1.5,3,224.95,1.5,2.1,34.17,2,3.91,0.8,0,0,1,0,0,0,0,0,0
171,VV-L,VV,Virginia Valley,Virginia Valley,South Victoria Land,-77.4934,160.85305,1490.72,1542.29,middle,62.6,37,-31.26,9.6,151.6,7.978,6.206,6.369,108.3,1.1,-12.67,-32.61,0.01,0.04,3.96,7.99,2.5,0.25,0.25,25,0.13,101.48,0.25,0.25,25,8.11,103.98,0.5,0.5,50,12.17,113.21,5.19,12.01,0.05,1316.27,5.12,95.48,0.5,0.5,474.5,2.5,1.51,5.52,0.5,1575.3,125.3,168.47,7.13,306.63,20.48,1.1,101.41,1.31,43.07,3.31,3.21,3,231.22,1.5,5.82,22.09,2,7.53,0.25,0,0,1,0,0,0,0,0,0
172,WV-BA 1,WV,Wall Valley: Recon,Wall Valley,South Victoria Land,-77.49556,160.87517,1683.36,1734.92,middle,62.5,37,-31.26,56.1,80.1,7.462,5.775,7.153,49.4,1.7,-9.95,-32.15,0.01,0.04,4.6,4.21,108.3,0.25,0.25,25,0.13,2.5,0.25,0.25,25,4.33,110.8,0.5,0.5,50,9.55,97.42,3.2,31.97,0.02,3115.46,2.5,19.18,1,0.5,1415.66,2.5,4.42,2.51,6.02,6234.94,42.87,259.84,4.22,1638.55,54.12,0.4,672.09,4.32,320.58,3.01,1.5,3,187.55,1.5,4.22,58.23,2,13.76,4.52,0,0,0,0,0,0,0,1,0
173,WV-UNN 1,WV,Wall Valley: Recon,Wall Valley,South Victoria Land,-77.48,160.85,1423.02,1474.63,middle,61.4,37,-31.26,5.3,149.5,7.846,5.874,7.2,53,2.6,-8.63,-32.38,0.01,0.03,3.83,4.03,220.73,0.25,0.25,25,0.13,83.59,0.25,0.25,25,4.16,304.32,0.5,0.5,50,2.75,286.28,2.27,27.62,0.015,6765,5.1,0.5,1,0.5,3263,2.5,12,7.6,36.7,16170,24.1,486.8,5.3,4361,123.2,0.5,431.9,12.8,545.5,3.4,1.5,3,130.5,1.5,9,85.5,2,24.3,21.9,0,0,1,0,0,0,0,0,0
174,WV-UNN 3,WV,Wall Valley: Recon,Wall Valley,South Victoria Land,-77.48,160.85,1423.02,1474.63,middle,61.4,37,-31.26,5.3,149.5,7.582,5.646,7.019,75.7,2.4,-11.03,-29.71,0.01,0.04,4.59,0.13,42.33,0.25,0.25,25,0.13,88.67,0.25,0.25,25,0.25,130.99,0.5,0.5,50,3.66,46,2.65,103.49,0.02,5012.05,2.5,0.5,0.5,0.5,2448.8,2.5,7.03,5.72,18.37,10732.93,15.36,359.24,1.81,2910.64,76.71,0.4,338.15,7.73,278.21,3.11,1.5,3,153.61,1.5,7.13,72.59,2,17.87,11.24,0,0,1,0,0,0,0,0,0
175,WV-UNN-2,WV,Wall Valley: Recon,Wall Valley,South Victoria Land,-77.48,160.85,1423.02,1474.63,middle,61.4,37,-31.26,5.3,149.5,7.672,5.841,7.007,85.6,2.4,-11.06,-31.54,0.01,0.03,4.1,0.13,2.5,0.25,0.25,25,5.12,52.34,0.25,0.25,25,5.25,54.84,0.5,0.5,50,1.86,46.38,2.69,54.7,0.006,6931.55,2.5,0.5,13.89,4.96,3542.66,2.5,10.42,7.34,33.83,14930.56,9.33,452.68,6.45,3974.21,105.16,0.6,507.74,12,430.56,3.97,1.5,3,133.53,1.5,9.13,76.79,2,25.6,18.15,0,0,1,0,0,0,0,0,0
176,WV-ZS 2,WV,Wall Valley: Recon,Wall Valley,South Victoria Land,-77.498933,160.849133,1547.19,1598.76,middle,63.2,37,-31.26,39.9,351.7,6.899,5.893,6.765,746.9,1.5,-13.06,-36.25,0.01,0.01,1.36,5.43,156.11,45.64,0.25,25,9.3,67.86,0.25,0.25,25,14.73,223.97,45.89,0.5,50,4.48,110.5,14.7,189.45,0.038,3001,2.5,1.59,9.96,1,1274.9,2.5,3.49,4.58,0.5,5279.88,5.38,268.63,2.69,1367.53,48.31,0.5,430.88,4.68,122.31,2.99,3.39,3,261.16,1.5,6.47,100.6,2,10.76,5.18,0,0,0,0,0,0,0,1,0
